"","id","female","race","ses","sch","prog","locus","concept","mot","career","read","write","math","sci","ss"
"1",55,1,"hispanic","low","public",1,-1.77999997138977,0.560000002384186,1,"prof1",28.2999992370605,46.2999992370605,42.7999992370605,44.4000015258789,50.5999984741211
"2",114,0,"african-amer","middle","public",2,0.239999994635582,-0.349999994039536,1,"operative",30.5,35.9000015258789,36.9000015258789,33.5999984741211,40.5999984741211
"3",490,0,"white","middle","public",3,-1.27999997138977,0.340000003576279,0.330000013113022,"prof1",31,35.9000015258789,46.0999984741211,39,45.5999984741211
"4",44,1,"hispanic","low","public",3,0.219999998807907,-0.759999990463257,1,"service",31,41.0999984741211,49.2000007629395,33.5999984741211,35.5999984741211
"5",26,1,"hispanic","middle","public",2,1.12000000476837,-0.740000009536743,0.6700000166893,"service",31,41.0999984741211,36,36.9000015258789,45.5999984741211
"6",510,0,"white","middle","public",3,-0.860000014305115,1.19000005722046,0.330000013113022,"operative",33.5999984741211,28.1000003814697,31.7999992370605,39.5999984741211,35.5999984741211
"7",133,1,"african-amer","low","public",3,-0.230000004172325,0.439999997615814,0.330000013113022,"school",33.5999984741211,35.2000007629395,40.9000015258789,29.2999992370605,25.7000007629395
"8",213,1,"white","low","public",1,0.0399999991059303,-0.469999998807907,0.6700000166893,"clerical",33.5999984741211,59.2999992370605,44.7000007629395,47.0999984741211,45.5999984741211
"9",548,1,"white","middle","private",2,0.469999998807907,0.340000003576279,0.6700000166893,"prof2",33.5999984741211,43,41,49.7999992370605,35.5999984741211
"10",309,1,"white","high","public",1,0.319999992847443,0.899999976158142,0.6700000166893,"prof2",33.5999984741211,51.5,41.9000015258789,49.7999992370605,50.5999984741211
"11",180,1,"white","middle","public",3,-0.589999973773956,0.0299999993294477,0.330000013113022,"school",33.5999984741211,54.0999984741211,41,41.7000007629395,50.5999984741211
"12",322,0,"white","middle","public",1,-0.839999973773956,-0.569999992847443,0.330000013113022,"craftsman",33.5999984741211,33.2999992370605,41,36.2999992370605,35.5999984741211
"13",1,1,"hispanic","low","public",3,0.28999999165535,0.879999995231628,0.6700000166893,"prof2",33.5999984741211,43.7000007629395,40.2000007629395,39,40.5999984741211
"14",323,0,"white","middle","public",3,0.660000026226044,0.340000003576279,0.330000013113022,"craftsman",33.5999984741211,38.5,42.9000015258789,47.0999984741211,45.5999984741211
"15",239,1,"white","low","public",3,-0.839999973773956,-0.180000007152557,0,"clerical",33.5999984741211,46.2999992370605,38.4000015258789,36.2999992370605,45.5999984741211
"16",306,1,"white","high","public",2,-0.600000023841858,0.280000001192093,1,"prof1",33.5999984741211,41.0999984741211,42.9000015258789,41.7000007629395,50.5999984741211
"17",349,0,"white","high","public",3,-1.5,0.0299999993294477,0.6700000166893,"prof1",33.5999984741211,48.9000015258789,38.5999984741211,42.2999992370605,55.5999984741211
"18",157,0,"african-amer","middle","public",3,-0.379999995231628,0.560000002384186,1,"craftsman",33.5999984741211,36.5,45.7000007629395,39,30.6000003814697
"19",53,1,"hispanic","high","public",3,0.469999998807907,-0.0900000035762787,0.330000013113022,"prof1",33.5999984741211,33.9000015258789,38.7999992370605,39.5999984741211,30.6000003814697
"20",333,0,"white","middle","public",1,-0.0299999993294477,-0.159999996423721,0,"manager",33.5999984741211,43.7000007629395,42.5999984741211,47.0999984741211,35.5999984741211
"21",31,0,"hispanic","middle","public",2,-0.209999993443489,-1.37999999523163,0,"prof1",34.2000007629395,46.2999992370605,44.5,39,35.5999984741211
"22",265,1,"white","low","public",3,-1.33000004291534,-0.600000023841858,0.330000013113022,"clerical",34.7000007629395,35.2000007629395,40.2000007629395,50.9000015258789,33.0999984741211
"23",23,1,"hispanic","low","public",3,-0.219999998807907,0.319999992847443,0.330000013113022,"clerical",35.2000007629395,38.5,39.9000015258789,34.7000007629395,40.5999984741211
"24",158,1,"african-amer","low","public",1,1.1599999666214,0.589999973773956,1,"prof2",36.2999992370605,45,44.2999992370605,39,40.5999984741211
"25",375,0,"white","low","public",1,-0.600000023841858,0.560000002384186,0.330000013113022,"craftsman",36.2999992370605,43.7000007629395,44.2999992370605,47.0999984741211,30.6000003814697
"26",146,1,"african-amer","low","public",1,-1.75999999046326,-0.930000007152557,0.6700000166893,"manager",36.2999992370605,38.5,36.4000015258789,36.2999992370605,50.5999984741211
"27",60,0,"hispanic","middle","public",3,-0.589999973773956,1.19000005722046,0.6700000166893,"manager",36.2999992370605,36.5,35.0999984741211,33.5999984741211,35.5999984741211
"28",438,0,"white","middle","public",2,-1.33000004291534,0.0299999993294477,1,"technical",36.2999992370605,28.1000003814697,53.7000007629395,33.5999984741211,25.7000007629395
"29",29,1,"hispanic","middle","public",2,-0.899999976158142,0.0299999993294477,0.6700000166893,"homemaker",36.2999992370605,44.2999992370605,36.0999984741211,33.5999984741211,40.5999984741211
"30",342,1,"white","middle","public",2,-0.159999996423721,-0.469999998807907,0.6700000166893,"prof1",36.2999992370605,61.9000015258789,52.2000007629395,39,45.5999984741211
"31",159,0,"african-amer","low","public",1,-0.680000007152557,0.319999992847443,0.6700000166893,"prof1",36.2999992370605,44.2999992370605,34.4000015258789,47.0999984741211,45.5999984741211
"32",90,1,"asian","low","public",3,-0.649999976158142,-1.16999995708466,0,"operative",36.2999992370605,30.7000007629395,45.9000015258789,36.2999992370605,40.5999984741211
"33",523,1,"white","high","private",1,0.680000007152557,0.319999992847443,1,"service",36.2999992370605,56.7000007629395,41.9000015258789,49.7999992370605,40.5999984741211
"34",428,1,"white","middle","public",3,-0.839999973773956,0.0299999993294477,0,"prof1",36.2999992370605,59.2999992370605,47.7000007629395,39,55.5999984741211
"35",138,0,"african-amer","middle","public",2,0.46000000834465,0.939999997615814,0.330000013113022,"laborer",36.2999992370605,30.7000007629395,44.7999992370605,39.5999984741211,40.5999984741211
"36",51,0,"hispanic","low","public",3,-1.54999995231628,0.0299999993294477,0,"prof1",36.2999992370605,41.0999984741211,43.5,33.5999984741211,40.5999984741211
"37",152,0,"african-amer","middle","public",2,-1.13999998569489,-0.0599999986588955,1,"manager",36.2999992370605,46.2999992370605,36.9000015258789,41.7000007629395,35.5999984741211
"38",493,0,"white","low","public",3,-0.860000014305115,0.280000001192093,1,"farmer",36.2999992370605,48.9000015258789,54.4000015258789,60.7000007629395,35.5999984741211
"39",5,1,"hispanic","middle","public",3,0.219999998807907,-0.280000001192093,0,"clerical",36.2999992370605,48.9000015258789,39.5,41.7000007629395,45.5999984741211
"40",316,1,"white","middle","public",3,1.36000001430511,0.870000004768372,1,"homemaker",36.2999992370605,43.7000007629395,37.2000007629395,41.7000007629395,40.5999984741211
"41",141,0,"african-amer","middle","public",3,-2.23000001907349,1.19000005722046,1,"operative",36.2999992370605,38.5,39.2999992370605,39,45.5999984741211
"42",494,1,"white","low","public",3,0.300000011920929,0.0299999993294477,0.6700000166893,"clerical",36.7999992370605,59.2999992370605,40.7000007629395,49.7999992370605,35.5999984741211
"43",199,0,"white","low","public",3,-0.819999992847443,0.629999995231628,1,"protective",36.7999992370605,36.5,41.5,33.0999984741211,31.8999996185303
"44",34,0,"hispanic","middle","public",3,-1.77999997138977,0.560000002384186,0.330000013113022,"operative",37.2999992370605,43.7000007629395,45.4000015258789,39,45.5999984741211
"45",120,1,"african-amer","low","public",3,-1.33000004291534,-0.259999990463257,0.6700000166893,"service",38.4000015258789,37.2000007629395,33.4000015258789,30.8999996185303,36.9000015258789
"46",140,1,"african-amer","low","public",3,0.100000001490116,1.19000005722046,1,"service",38.9000015258789,35.9000015258789,46.7999992370605,39,40.5999984741211
"47",107,1,"african-amer","middle","public",3,0.569999992847443,-2.61999988555908,0,"proprietor",38.9000015258789,28.1000003814697,38.4000015258789,44.4000015258789,35.5999984741211
"48",232,1,"white","middle","public",2,0.200000002980232,-0.469999998807907,0.330000013113022,"proprietor",38.9000015258789,54.0999984741211,53.7000007629395,52.5999984741211,40.5999984741211
"49",257,0,"white","middle","public",1,0.200000002980232,-0.469999998807907,0.330000013113022,"farmer",38.9000015258789,38.5,53,52.5999984741211,50.5999984741211
"50",318,1,"white","low","public",1,-0.439999997615814,-0.469999998807907,0.330000013113022,"prof1",38.9000015258789,46.2999992370605,41.9000015258789,41.7000007629395,45.5999984741211
"51",467,0,"white","middle","public",1,1.12999999523163,0.0299999993294477,1,"manager",38.9000015258789,54.0999984741211,47.5,49.7999992370605,40.5999984741211
"52",457,0,"white","middle","public",3,-1.33000004291534,0.0299999993294477,0.330000013113022,"laborer",38.9000015258789,30.7000007629395,40.4000015258789,39,50.5999984741211
"53",512,0,"white","low","public",3,-1.10000002384186,0.0299999993294477,1,"operative",38.9000015258789,38.5,42.7999992370605,41.7000007629395,40.5999984741211
"54",22,1,"hispanic","low","public",2,-0.430000007152557,0.129999995231628,0.330000013113022,"military",38.9000015258789,44.2999992370605,51.5999984741211,43.9000015258789,48.0999984741211
"55",59,1,"hispanic","low","public",3,-0.600000023841858,0.319999992847443,1,"clerical",38.9000015258789,56.7000007629395,41.2000007629395,33.5999984741211,55.5999984741211
"56",365,1,"white","low","public",1,-1.10000002384186,-0.280000001192093,0.6700000166893,"homemaker",38.9000015258789,41.0999984741211,45.9000015258789,47.0999984741211,45.5999984741211
"57",18,0,"hispanic","middle","public",3,0.209999993443489,0.939999997615814,0,"protective",38.9000015258789,48.9000015258789,41.7999992370605,58.5,45.5999984741211
"58",482,1,"white","middle","public",3,0.0599999986588955,-1.07000005245209,0,"prof1",38.9000015258789,48.9000015258789,45.2000007629395,44.4000015258789,50.5999984741211
"59",201,1,"white","middle","public",3,0.310000002384186,0.629999995231628,1,"clerical",38.9000015258789,56.7000007629395,46.2999992370605,58,55.5999984741211
"60",369,1,"white","middle","public",3,0.0199999995529652,-2.02999997138977,0.6700000166893,"clerical",38.9000015258789,59.2999992370605,39.5,39,50.5999984741211
"61",4,1,"hispanic","middle","public",3,0.0599999986588955,0.0299999993294477,0,"service",38.9000015258789,41.0999984741211,32.7000007629395,41.7000007629395,40.5999984741211
"62",368,0,"white","middle","public",3,-0.449999988079071,-0.259999990463257,0,"craftsman",38.9000015258789,35.9000015258789,44.2000007629395,55.2999992370605,55.5999984741211
"63",82,1,"asian","middle","public",1,0.0599999986588955,0.899999976158142,0.6700000166893,"prof1",38.9000015258789,52.7999992370605,54.4000015258789,49.7999992370605,40.5999984741211
"64",135,0,"african-amer","middle","public",3,-0.600000023841858,-1.42999994754791,1,"prof2",38.9000015258789,51.5,38.5999984741211,39,35.5999984741211
"65",363,0,"white","low","public",3,-0.379999995231628,0.0299999993294477,1,"operative",38.9000015258789,41.7000007629395,37.7000007629395,44.4000015258789,45.5999984741211
"66",47,0,"hispanic","low","public",1,-0.180000007152557,0.150000005960464,0,"service",38.9000015258789,28.1000003814697,36,36.2999992370605,35.5999984741211
"67",110,0,"african-amer","low","public",3,0.930000007152557,-1.62999999523163,0.6700000166893,"operative",38.9000015258789,41.0999984741211,40.2999992370605,34.0999984741211,45.5999984741211
"68",155,1,"african-amer","low","public",3,-0.540000021457672,-0.589999973773956,1,"homemaker",38.9000015258789,35.9000015258789,38.4000015258789,33.5999984741211,35.5999984741211
"69",296,1,"white","high","public",3,-0.140000000596046,-0.860000014305115,0,"prof1",38.9000015258789,46.2999992370605,50.0999984741211,36.2999992370605,45.5999984741211
"70",344,1,"white","low","public",1,0.270000010728836,-2.51999998092651,0.330000013113022,"operative",38.9000015258789,32,35.2999992370605,46.5999984741211,51.7999992370605
"71",129,0,"african-amer","middle","public",3,-0.379999995231628,0.340000003576279,0.6700000166893,"military",38.9000015258789,28.1000003814697,35.2999992370605,39,40.5999984741211
"72",43,0,"hispanic","high","public",3,-0.8299999833107,1.19000005722046,0.6700000166893,"prof1",38.9000015258789,38.5,44.4000015258789,26,41.9000015258789
"73",396,1,"white","middle","public",3,-0.680000007152557,0.0299999993294477,0.330000013113022,"not working",38.9000015258789,38.5,41.2000007629395,39,35.5999984741211
"74",382,0,"white","high","public",2,0.219999998807907,1.19000005722046,0.330000013113022,"sales",38.9000015258789,33.2999992370605,37.7000007629395,47.0999984741211,40.5999984741211
"75",24,1,"hispanic","low","public",3,0.730000019073486,-1.41999995708466,0.330000013113022,"service",38.9000015258789,41.0999984741211,41,36.2999992370605,45.5999984741211
"76",353,0,"white","middle","public",2,-0.209999993443489,-1.12999999523163,0,"craftsman",38.9000015258789,41.0999984741211,43.5999984741211,55.2999992370605,45.5999984741211
"77",63,1,"hispanic","low","public",1,-0.340000003576279,0.589999973773956,1,"military",38.9000015258789,33.9000015258789,35.0999984741211,44.4000015258789,40.5999984741211
"78",62,1,"hispanic","low","public",1,0.519999980926514,-0.280000001192093,0.6700000166893,"prof1",38.9000015258789,41.7000007629395,33.7000007629395,30.8999996185303,50.5999984741211
"79",134,1,"african-amer","middle","public",2,0.509999990463257,-1.28999996185303,0.330000013113022,"clerical",39.4000015258789,41.7000007629395,46.9000015258789,35.2000007629395,50.5999984741211
"80",331,1,"white","low","public",1,-1.99000000953674,0.0299999993294477,0,"prof1",39.4000015258789,54.0999984741211,38.7000007629395,47.0999984741211,35.5999984741211
"81",122,1,"african-amer","low","public",2,0.100000001490116,0.319999992847443,0.6700000166893,"prof1",40,40.4000015258789,42.4000015258789,48.7999992370605,60.5
"82",109,1,"african-amer","low","public",3,0.310000002384186,1.19000005722046,1,"clerical",40.5,46.9000015258789,40.4000015258789,39,50.5999984741211
"83",88,1,"asian","high","public",2,-0.389999985694885,1.19000005722046,1,"prof1",40.5,59.2999992370605,41.9000015258789,33.5999984741211,50.5999984741211
"84",447,0,"white","middle","public",3,-1.33000004291534,0.649999976158142,0,"craftsman",40.5,38.5,47.0999984741211,44.4000015258789,30.6000003814697
"85",376,0,"white","middle","public",1,-1.33000004291534,0.0299999993294477,0.6700000166893,"craftsman",41.5999984741211,30.7000007629395,56.9000015258789,47.0999984741211,50.5999984741211
"86",567,1,"white","middle","private",2,0.259999990463257,-0.569999992847443,1,"prof2",41.5999984741211,58.5999984741211,54.5999984741211,55.2999992370605,60.5
"87",355,1,"white","low","public",1,-0.400000005960464,-0.889999985694885,0.330000013113022,"operative",41.5999984741211,56.7000007629395,45,50.4000015258789,43.0999984741211
"88",65,0,"hispanic","middle","public",3,-0.209999993443489,0.0299999993294477,1,"manager",41.5999984741211,43.7000007629395,51.0999984741211,49.7999992370605,40.5999984741211
"89",188,1,"white","high","public",2,0.0599999986588955,0.0299999993294477,1,"prof2",41.5999984741211,54.0999984741211,41.2000007629395,41.7000007629395,40.5999984741211
"90",268,1,"white","high","public",2,0.46000000834465,-0.550000011920929,0.330000013113022,"prof2",41.5999984741211,54.0999984741211,50.2999992370605,49.7999992370605,51.7999992370605
"91",325,1,"white","middle","public",1,-0.649999976158142,0.0299999993294477,0.330000013113022,"prof1",41.5999984741211,39.0999984741211,42.2999992370605,41.7000007629395,40.5999984741211
"92",214,1,"white","middle","public",3,-1.80999994277954,-0.639999985694885,1,"service",41.5999984741211,54.0999984741211,46.9000015258789,47.0999984741211,45.5999984741211
"93",442,1,"white","middle","public",3,-0.140000000596046,0.129999995231628,0.6700000166893,"prof1",41.5999984741211,56.7000007629395,51.2999992370605,47.0999984741211,60.5
"94",118,0,"african-amer","low","public",1,0.449999988079071,-0.910000026226044,0.330000013113022,"craftsman",41.5999984741211,41.0999984741211,42.7999992370605,49.7999992370605,40.5999984741211
"95",39,0,"hispanic","middle","public",2,-0.8299999833107,0.129999995231628,1,"prof1",41.5999984741211,35.9000015258789,36.7000007629395,36.2999992370605,55.5999984741211
"96",264,1,"white","low","public",1,-0.800000011920929,0.150000005960464,0.330000013113022,"service",41.5999984741211,41.0999984741211,39.5,47.0999984741211,60.5
"97",14,1,"hispanic","middle","public",1,0.519999980926514,-0.589999973773956,0.6700000166893,"homemaker",41.5999984741211,59.2999992370605,38.5999984741211,36.2999992370605,50.5999984741211
"98",38,0,"hispanic","middle","public",3,0.28999999165535,0.389999985694885,0.330000013113022,"military",41.5999984741211,33.2999992370605,37.5999984741211,28.2000007629395,45.5999984741211
"99",443,0,"white","middle","public",3,-0.430000007152557,-1.22000002861023,0,"laborer",41.5999984741211,46.9000015258789,55.5,44.4000015258789,40.5999984741211
"100",56,0,"hispanic","low","public",2,-0.839999973773956,-1.0900000333786,0.330000013113022,"craftsman",41.5999984741211,41.7000007629395,45.0999984741211,36.2999992370605,40.5999984741211
"101",370,1,"white","low","public",3,-0.189999997615814,-2.57999992370605,0,"clerical",41.5999984741211,54.0999984741211,41,41.7000007629395,40.5999984741211
"102",50,0,"hispanic","middle","public",1,-1.33000004291534,0.0299999993294477,1,"prof1",41.5999984741211,48.9000015258789,33.7000007629395,44.4000015258789,45.5999984741211
"103",144,1,"african-amer","low","public",1,-0.0399999991059303,-0.28999999165535,0.6700000166893,"prof2",41.5999984741211,38.5,40.2000007629395,33.5999984741211,45.5999984741211
"104",433,1,"white","middle","public",3,-0.639999985694885,0.0299999993294477,1,"homemaker",41.5999984741211,46.2999992370605,38.4000015258789,36.2999992370605,45.5999984741211
"105",459,1,"white","middle","public",1,0.0299999993294477,0.0299999993294477,1,"proprietor",41.5999984741211,43,44.5,39,50.5999984741211
"106",151,1,"african-amer","high","public",1,0.75,-0.259999990463257,0.6700000166893,"service",41.5999984741211,35.9000015258789,42,31.3999996185303,39.4000015258789
"107",452,1,"white","middle","public",1,0.0599999986588955,0.0299999993294477,1,"not working",41.5999984741211,46.2999992370605,46.2000007629395,39,45.5999984741211
"108",343,0,"white","low","public",1,-0.370000004768372,-0.469999998807907,0.6700000166893,"prof1",41.5999984741211,48.9000015258789,42.5999984741211,49.7999992370605,55.5999984741211
"109",549,1,"white","high","private",2,0.46000000834465,0.0299999993294477,1,"prof1",41.5999984741211,64.5,47.0999984741211,53.0999984741211,60.5
"110",194,0,"white","high","public",1,-0.839999973773956,0.340000003576279,0,"prof2",41.5999984741211,46.2999992370605,59.5999984741211,63.4000015258789,65.5
"111",48,1,"hispanic","high","public",3,0.0199999995529652,0.0299999993294477,0.330000013113022,"homemaker",41.5999984741211,35.9000015258789,37.7000007629395,41.7000007629395,45.5999984741211
"112",68,0,"asian","low","public",1,0.449999988079071,0.0299999993294477,0.6700000166893,"craftsman",41.5999984741211,25.5,44.2999992370605,36.2999992370605,35.5999984741211
"113",209,1,"white","middle","public",1,-0.629999995231628,0.439999997615814,0.330000013113022,"homemaker",41.5999984741211,43.7000007629395,46.7999992370605,36.2999992370605,50.5999984741211
"114",15,0,"hispanic","middle","public",3,-1.27999997138977,1.19000005722046,1,"prof1",41.5999984741211,41.0999984741211,45.9000015258789,44.4000015258789,40.5999984741211
"115",3,1,"hispanic","low","public",1,0.709999978542328,0.0299999993294477,0.6700000166893,"prof1",41.5999984741211,59.2999992370605,41.9000015258789,44.4000015258789,45.5999984741211
"116",465,0,"white","high","public",1,0.75,-0.490000009536743,0.330000013113022,"technical",41.5999984741211,41.0999984741211,41.2000007629395,44.4000015258789,35.5999984741211
"117",230,1,"white","high","public",1,-0.200000002980232,1.19000005722046,1,"service",41.5999984741211,46.9000015258789,41.7000007629395,47.0999984741211,60.5
"118",336,0,"white","high","public",1,0.0599999986588955,0.0299999993294477,0.6700000166893,"proprietor",41.5999984741211,39.0999984741211,56.2999992370605,45,50.5999984741211
"119",448,0,"white","middle","public",3,0.680000007152557,1.19000005722046,0.330000013113022,"school",41.5999984741211,41.0999984741211,57.2000007629395,71.5,30.6000003814697
"120",64,0,"hispanic","middle","public",3,-0.439999997615814,0.0299999993294477,0.330000013113022,"prof1",41.5999984741211,38.5,38.7000007629395,56.2999992370605,45.5999984741211
"121",33,1,"hispanic","middle","public",1,-0.189999997615814,-1.66999995708466,0,"sales",42.0999984741211,39.7999992370605,42.2000007629395,38.5,40.5999984741211
"122",246,1,"white","middle","public",3,0.430000007152557,-0.469999998807907,1,"clerical",42.5999984741211,50.7999992370605,44.5999984741211,39,55.5999984741211
"123",125,1,"african-amer","high","public",1,0.75,-0.72000002861023,0.6700000166893,"school",42.5999984741211,46.2999992370605,41.2000007629395,28.2000007629395,45.5999984741211
"124",412,1,"white","middle","public",3,0.660000026226044,-0.600000023841858,0,"service",42.5999984741211,56.7000007629395,40.2999992370605,49.7999992370605,50.5999984741211
"125",388,1,"white","high","public",1,1.12999999523163,0.0299999993294477,0.330000013113022,"prof1",43.2000007629395,54.0999984741211,54.7999992370605,55.2999992370605,45.5999984741211
"126",407,1,"white","middle","public",3,0.0599999986588955,0.0299999993294477,1,"homemaker",43.2000007629395,47.5999984741211,45.5999984741211,47.0999984741211,45.5999984741211
"127",453,1,"white","middle","public",1,-0.8299999833107,0.649999976158142,0.330000013113022,"homemaker",44.2000007629395,59.2999992370605,55.5,36.2999992370605,55.5999984741211
"128",480,0,"white","low","public",3,-0.879999995231628,-0.28999999165535,0.330000013113022,"operative",44.2000007629395,54.0999984741211,41,49.7999992370605,45.5999984741211
"129",255,0,"white","middle","public",2,-1.12999999523163,-0.550000011920929,0.330000013113022,"protective",44.2000007629395,46.9000015258789,45.5,39,50.5999984741211
"130",8,1,"hispanic","low","public",2,0.680000007152557,0.25,1,"prof1",44.2000007629395,51.5,36.9000015258789,49.7999992370605,55.5999984741211
"131",57,1,"hispanic","middle","public",1,-0.889999985694885,-0.180000007152557,0.6700000166893,"prof2",44.2000007629395,43.7000007629395,44.5,41.7000007629395,50.5999984741211
"132",266,1,"white","low","public",1,-1.33000004291534,0.340000003576279,0,"homemaker",44.2000007629395,41.0999984741211,36.9000015258789,41.7000007629395,45.5999984741211
"133",332,0,"white","middle","public",2,-0.400000005960464,0.0299999993294477,0,"prof2",44.2000007629395,33.2999992370605,47.7999992370605,44.4000015258789,45.5999984741211
"134",10,1,"hispanic","low","public",2,0.0500000007450581,0.150000005960464,1,"proprietor",44.2000007629395,49.5,40.5,39,50.5999984741211
"135",205,1,"white","low","public",3,-0.899999976158142,-2.53999996185303,0,"homemaker",44.2000007629395,43.7000007629395,40.2000007629395,39.5999984741211,30.6000003814697
"136",276,0,"white","middle","public",3,-1.04999995231628,-0.340000003576279,0.6700000166893,"clerical",44.2000007629395,38.5,41.4000015258789,42.2999992370605,35.5999984741211
"137",321,0,"white","low","public",3,-0.910000026226044,-0.589999973773956,0.6700000166893,"operative",44.2000007629395,39.0999984741211,46.2999992370605,36.2999992370605,40.5999984741211
"138",12,0,"hispanic","low","public",1,0.0599999986588955,-0.589999973773956,0,"operative",44.2000007629395,41.0999984741211,59.7999992370605,44.4000015258789,35.5999984741211
"139",463,0,"white","middle","public",1,-0.109999999403954,0.25,1,"prof1",44.2000007629395,44.2999992370605,45.5999984741211,39,50.5999984741211
"140",206,1,"white","low","public",3,-0.180000007152557,0.280000001192093,0.330000013113022,"homemaker",44.2000007629395,51.5,46.0999984741211,47.0999984741211,50.5999984741211
"141",468,0,"white","high","public",1,-0.159999996423721,0.0299999993294477,0.330000013113022,"proprietor",44.2000007629395,59.2999992370605,49.5,55.2999992370605,45.5999984741211
"142",281,0,"white","high","public",3,-0.180000007152557,0.0299999993294477,0.6700000166893,"craftsman",44.2000007629395,48.9000015258789,56.2999992370605,41.7000007629395,60.5
"143",570,1,"white","middle","private",2,-0.839999973773956,-2.59999990463257,0.330000013113022,"service",44.2000007629395,64.5,53,55.2999992370605,60.5
"144",221,0,"white","low","public",1,-0.360000014305115,-1.66999995708466,1,"farmer",44.2000007629395,43.7000007629395,56.4000015258789,58,60.5
"145",577,1,"white","middle","private",2,0.469999998807907,0.340000003576279,0.6700000166893,"technical",44.2000007629395,48.9000015258789,48,39,50.5999984741211
"146",330,0,"white","low","public",1,0.280000001192093,-0.0599999986588955,0.330000013113022,"craftsman",44.2000007629395,30.7000007629395,35.2999992370605,47.0999984741211,45.5999984741211
"147",173,1,"white","low","public",1,-0.610000014305115,0.0299999993294477,0.330000013113022,"proprietor",44.2000007629395,54.0999984741211,40.2999992370605,52.5999984741211,40.5999984741211
"148",269,0,"white","middle","public",3,-0.439999997615814,-0.219999998807907,0,"craftsman",44.2000007629395,33.2999992370605,40.9000015258789,47.0999984741211,45.5999984741211
"149",558,1,"white","middle","private",3,0.46000000834465,0.560000002384186,0.6700000166893,"prof1",44.2000007629395,54.0999984741211,52.2000007629395,44.4000015258789,45.5999984741211
"150",586,0,"white","high","private",2,0.709999978542328,-0.0599999986588955,0.6700000166893,"prof1",44.2000007629395,37.7999992370605,49.2000007629395,39,45.5999984741211
"151",117,1,"african-amer","low","public",3,-1.3400000333786,1.19000005722046,1,"prof1",44.2000007629395,41.0999984741211,44.2000007629395,44.4000015258789,40.5999984741211
"152",474,1,"white","low","public",3,-0.610000014305115,0.360000014305115,0,"homemaker",44.2000007629395,48.9000015258789,46.0999984741211,47.0999984741211,55.5999984741211
"153",106,1,"african-amer","low","public",1,-0.889999985694885,-1.23000001907349,1,"prof2",44.2000007629395,48.9000015258789,43.7999992370605,35.2000007629395,50.5999984741211
"154",371,0,"white","middle","public",1,0.910000026226044,-0.469999998807907,0.6700000166893,"operative",44.2000007629395,41.0999984741211,50.5,58,40.5999984741211
"155",71,1,"asian","middle","public",3,0.0599999986588955,0.280000001192093,1,"clerical",44.2000007629395,54.0999984741211,47.0999984741211,58,50.5999984741211
"156",593,0,"white","middle","private",2,-1.0900000333786,-0.259999990463257,0.330000013113022,"proprietor",44.2000007629395,41.0999984741211,45.0999984741211,47.0999984741211,45.5999984741211
"157",385,1,"white","low","public",1,-0.379999995231628,0.370000004768372,0.6700000166893,"homemaker",44.2000007629395,43.7000007629395,46.0999984741211,47.0999984741211,50.5999984741211
"158",393,0,"white","middle","public",3,-1.29999995231628,0.129999995231628,0.330000013113022,"proprietor",44.2000007629395,41.0999984741211,51.7999992370605,47.0999984741211,40.5999984741211
"159",401,1,"white","low","public",2,-0.400000005960464,0.0299999993294477,1,"service",44.2000007629395,54.0999984741211,59.2999992370605,58,50.5999984741211
"160",256,0,"white","high","public",1,0.0599999986588955,0.0299999993294477,0,"prof2",44.2000007629395,33.2999992370605,53.9000015258789,58,30.6000003814697
"161",400,0,"white","low","public",1,-0.400000005960464,0.649999976158142,0.6700000166893,"laborer",44.2000007629395,43.7000007629395,38.5999984741211,33.5999984741211,45.5999984741211
"162",554,1,"white","low","private",2,-0.140000000596046,-0.600000023841858,0.330000013113022,"service",44.2000007629395,48.9000015258789,54.2999992370605,49.7999992370605,45.5999984741211
"163",384,0,"white","middle","public",3,-2.23000001907349,1.19000005722046,0.330000013113022,"laborer",44.2000007629395,38.5,41.2000007629395,49.7999992370605,45.5999984741211
"164",575,1,"white","middle","private",1,0.680000007152557,0.0299999993294477,0,"prof2",44.2000007629395,35.9000015258789,43.5999984741211,47.0999984741211,40.5999984741211
"165",224,1,"white","middle","public",1,-1.14999997615814,-0.469999998807907,0.6700000166893,"homemaker",44.2000007629395,56.7000007629395,52.2000007629395,44.4000015258789,55.5999984741211
"166",432,0,"white","high","public",1,0.0599999986588955,0.0299999993294477,1,"prof1",44.2000007629395,54.0999984741211,51.4000015258789,39,45.5999984741211
"167",418,0,"white","middle","public",3,-0.889999985694885,0.560000002384186,0.330000013113022,"craftsman",44.2000007629395,41.0999984741211,40.2999992370605,49.7999992370605,25.7000007629395
"168",416,0,"white","low","public",2,1.11000001430511,-0.0900000035762787,0,"prof1",44.2000007629395,48.9000015258789,48,49.7999992370605,55.5999984741211
"169",594,0,"white","high","private",2,0.0199999995529652,0.280000001192093,0.6700000166893,"prof1",44.2000007629395,51.5,52.9000015258789,52.5999984741211,45.5999984741211
"170",561,1,"white","high","private",2,0.680000007152557,0.0299999993294477,1,"manager",44.2000007629395,48.9000015258789,46.2000007629395,47.7000007629395,45.5999984741211
"171",61,0,"hispanic","middle","public",1,-0.0399999991059303,0.649999976158142,1,"technical",44.2000007629395,44.2999992370605,61.0999984741211,49.7999992370605,45.5999984741211
"172",337,0,"white","middle","public",2,-0.389999985694885,-0.280000001192093,0.6700000166893,"prof1",44.2000007629395,51.5,51.0999984741211,63.4000015258789,60.5
"173",35,0,"hispanic","middle","public",3,0.300000011920929,0.560000002384186,1,"technical",44.2000007629395,33.2999992370605,37.7000007629395,30.8999996185303,41.9000015258789
"174",544,1,"white","middle","private",2,0.959999978542328,0.0299999993294477,0.6700000166893,"proprietor",44.2000007629395,51.5,43.2000007629395,44.4000015258789,50.5999984741211
"175",101,0,"hispanic","middle","private",1,-0.6700000166893,-0.469999998807907,0,"operative",44.2000007629395,48.9000015258789,43.0999984741211,55.2999992370605,45.5999984741211
"176",533,1,"white","low","private",2,-0.170000001788139,0.0299999993294477,0.6700000166893,"service",44.2000007629395,59.2999992370605,45.7000007629395,55.2999992370605,50.5999984741211
"177",273,1,"white","middle","public",1,0.46000000834465,0.0299999993294477,0.330000013113022,"sales",44.7000007629395,38.5,45.9000015258789,44.4000015258789,35.5999984741211
"178",112,0,"african-amer","low","public",2,0.0299999993294477,0.319999992847443,1,"manager",44.7000007629395,56.7000007629395,50.2999992370605,30.8999996185303,55.5999984741211
"179",420,0,"white","low","public",2,-0.270000010728836,0.939999997615814,0,"not working",44.7000007629395,54.0999984741211,50.4000015258789,45,50.5999984741211
"180",560,1,"white","low","private",2,-0.189999997615814,-1.73000001907349,1,"clerical",44.7000007629395,47.5999984741211,50.2999992370605,39,50.5999984741211
"181",147,0,"african-amer","high","public",3,-0.660000026226044,-0.0799999982118607,1,"protective",44.7000007629395,33.2999992370605,33.7000007629395,39,35.5999984741211
"182",389,1,"white","low","public",1,-1.01999998092651,-1.66999995708466,0.6700000166893,"laborer",45.2999992370605,43,52.2999992370605,60.7000007629395,56.7999992370605
"183",136,1,"african-amer","low","public",2,0.0599999986588955,0.939999997615814,0.6700000166893,"prof1",45.2999992370605,54.7000007629395,44.2999992370605,33.5999984741211,40.5999984741211
"184",579,1,"white","low","private",3,-0.379999995231628,0.0299999993294477,1,"prof1",45.2999992370605,38.5,43.5,40.0999984741211,45.5999984741211
"185",124,1,"african-amer","middle","public",3,0.219999998807907,-0.759999990463257,0.6700000166893,"technical",45.7999992370605,52.0999984741211,54.9000015258789,44.4000015258789,55.5999984741211
"186",326,0,"white","low","public",1,1.12999999523163,0.0299999993294477,0.330000013113022,"laborer",45.7999992370605,41.7000007629395,43.0999984741211,53.5999984741211,36.9000015258789
"187",399,1,"white","low","public",1,-0.239999994635582,0.0299999993294477,0.6700000166893,"prof1",45.7999992370605,54.0999984741211,49.5,47.0999984741211,55.5999984741211
"188",392,0,"white","low","public",3,-1.74000000953674,0.610000014305115,0.330000013113022,"not working",45.7999992370605,34.5999984741211,37.9000015258789,39,45.5999984741211
"189",308,0,"white","low","public",2,0,0.649999976158142,0.6700000166893,"military",46.9000015258789,33.2999992370605,50.4000015258789,47.0999984741211,55.5999984741211
"190",398,1,"white","low","public",3,0.959999978542328,0.939999997615814,0.6700000166893,"prof1",46.9000015258789,50.2000007629395,46.5,47.0999984741211,51.7999992370605
"191",532,0,"white","middle","private",3,0,0.340000003576279,0.330000013113022,"craftsman",46.9000015258789,56.7000007629395,57.2000007629395,58,45.5999984741211
"192",77,0,"asian","middle","public",3,0.889999985694885,0.319999992847443,0.6700000166893,"prof2",46.9000015258789,44.2999992370605,48.7000007629395,53.0999984741211,55.5999984741211
"193",526,0,"white","middle","private",2,0.709999978542328,0.0299999993294477,0.330000013113022,"proprietor",46.9000015258789,46.9000015258789,41,41.7000007629395,50.5999984741211
"194",573,1,"white","low","private",1,-0.230000004172325,0.689999997615814,0.6700000166893,"service",46.9000015258789,61.9000015258789,48,39,50.5999984741211
"195",46,0,"hispanic","low","public",3,-0.219999998807907,-1.3400000333786,0.6700000166893,"technical",46.9000015258789,31.2999992370605,43.5999984741211,36.2999992370605,35.5999984741211
"196",592,1,"white","high","private",2,0.0599999986588955,0.0299999993294477,0.6700000166893,"school",46.9000015258789,60.5999984741211,51.2999992370605,63.4000015258789,30.6000003814697
"197",49,1,"hispanic","middle","public",2,-1.05999994277954,0.0299999993294477,0.6700000166893,"manager",46.9000015258789,56.7000007629395,48,44.4000015258789,40.5999984741211
"198",451,1,"white","middle","public",3,0.0199999995529652,-0.319999992847443,1,"homemaker",46.9000015258789,46.2999992370605,52,47.7000007629395,45.5999984741211
"199",514,0,"white","middle","public",2,0.0599999986588955,0.0299999993294477,0,"proprietor",46.9000015258789,51.5,57.2000007629395,52.5999984741211,60.5
"200",571,1,"white","high","private",2,1.1599999666214,0.0900000035762787,1,"prof1",46.9000015258789,52.0999984741211,42.5,47.7000007629395,60.5
"201",425,1,"white","low","public",1,1.36000001430511,0.649999976158142,1,"service",46.9000015258789,51.5,57,49.7999992370605,40.5999984741211
"202",311,0,"white","high","public",3,0.46000000834465,0.629999995231628,0.6700000166893,"craftsman",46.9000015258789,52.7999992370605,49.2999992370605,53.0999984741211,35.5999984741211
"203",73,1,"asian","middle","public",1,-1.0900000333786,0.0299999993294477,0.330000013113022,"craftsman",46.9000015258789,43.7000007629395,41.9000015258789,41.7000007629395,35.5999984741211
"204",439,1,"white","low","public",2,0.680000007152557,0.879999995231628,1,"prof1",46.9000015258789,61.9000015258789,53,52.5999984741211,60.5
"205",9,0,"hispanic","middle","public",2,0.0599999986588955,0.560000002384186,0.330000013113022,"prof1",46.9000015258789,41.0999984741211,45.2999992370605,47.0999984741211,55.5999984741211
"206",319,0,"white","low","public",3,-0.439999997615814,-0.550000011920929,0.330000013113022,"homemaker",46.9000015258789,38.5,47.0999984741211,41.7000007629395,25.7000007629395
"207",160,1,"african-amer","low","private",1,0.699999988079071,0.870000004768372,1,"clerical",46.9000015258789,54.0999984741211,46.4000015258789,49.7999992370605,55.5999984741211
"208",578,1,"white","middle","private",3,-0.589999973773956,0.280000001192093,1,"school",46.9000015258789,51.5,48.5,49.7999992370605,50.5999984741211
"209",40,0,"hispanic","high","public",2,0.209999993443489,-0.280000001192093,0.6700000166893,"protective",46.9000015258789,41.0999984741211,53.5999984741211,41.7000007629395,55.5999984741211
"210",69,0,"asian","low","public",1,0.709999978542328,0.0299999993294477,1,"prof2",46.9000015258789,61.9000015258789,46.2000007629395,60.7000007629395,45.5999984741211
"211",350,0,"white","high","public",2,-0.409999996423721,0.280000001192093,0.330000013113022,"technical",46.9000015258789,35.9000015258789,42.5999984741211,58,55.5999984741211
"212",13,0,"hispanic","low","public",2,-1.10000002384186,0.0299999993294477,0,"military",46.9000015258789,40.4000015258789,42.7999992370605,45,30.6000003814697
"213",37,1,"hispanic","middle","public",3,-1.04999995231628,-1.64999997615814,0,"prof1",46.9000015258789,46.2999992370605,38.5999984741211,47.0999984741211,60.5
"214",165,0,"white","low","public",3,0.46000000834465,-1.16999995708466,0.330000013113022,"laborer",46.9000015258789,30.7000007629395,40.2999992370605,58,35.5999984741211
"215",535,1,"white","middle","private",2,0.519999980926514,0.340000003576279,1,"prof2",46.9000015258789,64.5,59.5999984741211,49.7999992370605,55.5999984741211
"216",590,0,"white","middle","private",2,0.0599999986588955,0.0299999993294477,0.6700000166893,"technical",46.9000015258789,56.7000007629395,56.0999984741211,60.7000007629395,55.5999984741211
"217",222,0,"white","high","public",1,0.930000007152557,0.340000003576279,1,"prof2",46.9000015258789,54.0999984741211,54.5999984741211,55.2999992370605,50.5999984741211
"218",28,1,"hispanic","middle","public",1,-0.600000023841858,-0.469999998807907,0.6700000166893,"prof1",46.9000015258789,54.0999984741211,49,52.5999984741211,60.5
"219",21,0,"hispanic","middle","public",1,-0.439999997615814,-0.839999973773956,0.330000013113022,"craftsman",46.9000015258789,46.2999992370605,45.9000015258789,37.9000015258789,45.5999984741211
"220",542,1,"white","middle","private",2,0.519999980926514,0.0299999993294477,1,"school",46.9000015258789,51.5,53.7000007629395,41.7000007629395,40.5999984741211
"221",545,1,"white","middle","private",2,0.910000026226044,-0.469999998807907,1,"prof1",46.9000015258789,64.5,55.7999992370605,61.7999992370605,60.5
"222",16,1,"hispanic","low","public",2,0.0599999986588955,0.0299999993294477,1,"prof2",46.9000015258789,41.0999984741211,46.2000007629395,39.5999984741211,40.5999984741211
"223",395,1,"white","middle","public",2,0.550000011920929,-0.239999994635582,0.6700000166893,"sales",46.9000015258789,56.7000007629395,54.5999984741211,47.0999984741211,55.5999984741211
"224",139,1,"african-amer","low","public",2,0.439999997615814,0.649999976158142,1,"operative",46.9000015258789,46.2999992370605,48.5,32.5,40.5999984741211
"225",508,0,"white","high","public",2,0.680000007152557,-0.469999998807907,0.330000013113022,"military",46.9000015258789,61.9000015258789,60.5,68.8000030517578,65.5
"226",565,0,"white","middle","private",2,0.709999978542328,0.0299999993294477,0.330000013113022,"laborer",46.9000015258789,59.2999992370605,63,52.5999984741211,45.5999984741211
"227",30,1,"hispanic","middle","public",2,0.310000002384186,1.19000005722046,1,"prof1",46.9000015258789,44.2999992370605,41.9000015258789,39,50.5999984741211
"228",226,0,"white","high","public",2,0.490000009536743,1.19000005722046,1,"prof2",46.9000015258789,51.5,50.5999984741211,49.7999992370605,55.5999984741211
"229",127,1,"african-amer","low","public",2,-0.490000009536743,0.0299999993294477,0,"operative",46.9000015258789,37.2000007629395,42.7999992370605,41.7000007629395,45.5999984741211
"230",568,1,"white","middle","private",2,0,0.340000003576279,0.330000013113022,"prof1",46.9000015258789,59.2999992370605,53.7000007629395,58,45.5999984741211
"231",383,1,"white","middle","public",1,0.270000010728836,0.0299999993294477,0.6700000166893,"clerical",46.9000015258789,56.7000007629395,63.7999992370605,55.2999992370605,55.5999984741211
"232",2,0,"hispanic","low","public",1,-0.419999986886978,0.0299999993294477,0.330000013113022,"craftsman",46.9000015258789,35.9000015258789,41.9000015258789,36.2999992370605,45.5999984741211
"233",295,1,"white","high","public",1,1.36000001430511,0.0299999993294477,0.6700000166893,"school",46.9000015258789,59.2999992370605,56.2999992370605,66.0999984741211,60.5
"234",168,1,"white","middle","public",1,-0.689999997615814,-1.12999999523163,0.6700000166893,"clerical",46.9000015258789,54.0999984741211,45.4000015258789,44.4000015258789,45.5999984741211
"235",130,1,"african-amer","low","public",3,-0.600000023841858,0.899999976158142,0.6700000166893,"clerical",46.9000015258789,61.9000015258789,45.4000015258789,33.5999984741211,45.5999984741211
"236",386,1,"white","middle","public",2,0.0599999986588955,0.649999976158142,0.330000013113022,"proprietor",47.4000015258789,64.5,53.9000015258789,55.7999992370605,50.5999984741211
"237",424,1,"white","middle","public",3,0.75,0.340000003576279,1,"prof1",47.4000015258789,41.7000007629395,51.5999984741211,38.5,50.5999984741211
"238",96,1,"asian","low","public",3,-0.930000007152557,0.649999976158142,1,"laborer",47.4000015258789,45.5999984741211,49.4000015258789,42.2999992370605,45.5999984741211
"239",587,0,"white","high","private",2,0.680000007152557,-0.52999997138977,1,"proprietor",48.4000015258789,48.2000007629395,60.5,60.0999984741211,49.2999992370605
"240",25,0,"hispanic","middle","public",3,0.259999990463257,0.0299999993294477,0.330000013113022,"proprietor",48.4000015258789,48.9000015258789,52.2000007629395,43.9000015258789,50.5999984741211
"241",190,1,"white","high","public",3,-0.409999996423721,0.0299999993294477,0.6700000166893,"service",49.5,51.5,45.0999984741211,58,35.5999984741211
"242",258,1,"white","middle","public",3,-0.639999985694885,-0.509999990463257,0.6700000166893,"homemaker",49.5,56.7000007629395,47.7000007629395,44.4000015258789,60.5
"243",572,0,"white","middle","private",3,0.230000004172325,0.150000005960464,0.330000013113022,"craftsman",49.5,51.5,48,52.5999984741211,50.5999984741211
"244",11,1,"hispanic","low","public",2,0.25,0.340000003576279,1,"prof1",49.5,61.9000015258789,42.9000015258789,41.7000007629395,50.5999984741211
"245",252,1,"white","low","public",2,0.479999989271164,0.319999992847443,1,"school",49.5,54.0999984741211,38.7000007629395,49.7999992370605,50.5999984741211
"246",589,0,"white","high","private",2,-0.600000023841858,0.340000003576279,0,"craftsman",49.5,41.7000007629395,50.2999992370605,36.2999992370605,60.5
"247",314,0,"white","middle","public",1,0.259999990463257,0.0299999993294477,1,"craftsman",49.5,35.9000015258789,47.7999992370605,52.5999984741211,35.5999984741211
"248",279,0,"white","low","public",3,0.0799999982118607,0.939999997615814,0.330000013113022,"craftsman",49.5,52.7999992370605,50.5999984741211,48.7999992370605,66.8000030517578
"249",534,0,"white","middle","private",2,0.0599999986588955,0.560000002384186,1,"prof2",49.5,56.7000007629395,46.2000007629395,55.2999992370605,50.5999984741211
"250",524,1,"white","middle","private",2,-0.660000026226044,-1.07000005245209,0.6700000166893,"clerical",49.5,61.9000015258789,60.4000015258789,47.0999984741211,50.5999984741211
"251",219,1,"white","middle","public",3,0.100000001490116,0.0299999993294477,0.330000013113022,"manager",49.5,56.7000007629395,48,47.0999984741211,60.5
"252",288,0,"white","low","public",1,0.25,0.649999976158142,0,"farmer",49.5,48.9000015258789,50.4000015258789,63.4000015258789,55.5999984741211
"253",6,0,"hispanic","middle","public",1,0.46000000834465,0.0299999993294477,0,"proprietor",49.5,46.2999992370605,46.2000007629395,41.7000007629395,35.5999984741211
"254",513,0,"white","high","public",2,0.0599999986588955,0.319999992847443,0.6700000166893,"protective",49.5,43.7000007629395,55.5,68.8000030517578,65.5
"255",466,1,"white","middle","public",2,0.300000011920929,-0.600000023841858,1,"prof1",49.5,59.2999992370605,53.0999984741211,60.7000007629395,60.5
"256",338,1,"white","low","public",3,0.259999990463257,-0.259999990463257,0,"manager",49.5,56.7000007629395,43.7999992370605,47.0999984741211,40.5999984741211
"257",517,1,"white","low","public",1,0.259999990463257,0.870000004768372,1,"farmer",49.5,61.9000015258789,61.4000015258789,63.4000015258789,50.5999984741211
"258",397,0,"white","middle","public",3,0.25,-0.259999990463257,0.330000013113022,"craftsman",49.5,30.7000007629395,40.2999992370605,33.5999984741211,30.6000003814697
"259",550,1,"white","middle","private",3,1.12999999523163,0.879999995231628,0.330000013113022,"clerical",49.5,51.5,52.7000007629395,55.2999992370605,55.5999984741211
"260",94,1,"asian","high","public",3,-0.349999994039536,-0.889999985694885,0,"clerical",49.5,67.0999984741211,66.4000015258789,66.0999984741211,55.5999984741211
"261",197,1,"white","low","public",3,-1.14999997615814,-1.37999999523163,1,"not working",49.5,56.7000007629395,46.0999984741211,53.5999984741211,40.5999984741211
"262",121,0,"african-amer","middle","public",2,0.490000009536743,0.939999997615814,1,"prof1",49.5,39.7999992370605,44.5,55.2999992370605,55.5999984741211
"263",52,0,"hispanic","middle","public",3,-1.58000004291534,0.560000002384186,0.6700000166893,"craftsman",49.5,33.2999992370605,48.7000007629395,44.4000015258789,35.5999984741211
"264",531,1,"white","high","private",2,0.680000007152557,0.0599999986588955,0.6700000166893,"clerical",49.5,51.5,41.2000007629395,41.7000007629395,45.5999984741211
"265",374,0,"white","low","public",2,0.699999988079071,-0.159999996423721,1,"prof2",49.5,61.9000015258789,50.9000015258789,46.0999984741211,66.8000030517578
"266",437,1,"white","middle","public",3,-0.600000023841858,-0.259999990463257,0.6700000166893,"homemaker",49.5,41.0999984741211,38.4000015258789,52.5999984741211,35.5999984741211
"267",458,0,"white","middle","public",2,0.46000000834465,0.649999976158142,1,"technical",49.5,48.9000015258789,60.5,55.2999992370605,55.5999984741211
"268",305,1,"white","middle","public",1,-0.159999996423721,-0.449999988079071,0.6700000166893,"homemaker",49.5,54.0999984741211,61.9000015258789,52.5999984741211,50.5999984741211
"269",92,1,"asian","high","public",3,0.0599999986588955,-0.28999999165535,0.6700000166893,"clerical",49.5,56.7000007629395,68.0999984741211,49.7999992370605,55.5999984741211
"270",582,0,"white","high","private",2,0.100000001490116,-0.159999996423721,0.330000013113022,"prof1",49.5,59.2999992370605,51,47.0999984741211,45.5999984741211
"271",541,0,"white","middle","private",2,-0.140000000596046,0.340000003576279,0.330000013113022,"prof1",49.5,46.2999992370605,44.7999992370605,58,60.5
"272",259,1,"white","middle","public",1,0.230000004172325,0.439999997615814,1,"craftsman",49.5,51.5,45.5,49.7999992370605,55.5999984741211
"273",380,1,"white","high","public",1,0.25,0.0299999993294477,0.6700000166893,"homemaker",49.5,51.5,55.5,44.4000015258789,55.5999984741211
"274",145,0,"african-amer","high","public",3,0.689999997615814,0.0299999993294477,0.6700000166893,"prof1",49.5,39.7999992370605,38.5999984741211,49.2999992370605,46.7999992370605
"275",148,0,"african-amer","middle","public",1,-0.439999997615814,-0.310000002384186,0.6700000166893,"prof1",49.5,59.2999992370605,42.0999984741211,52.5999984741211,60.5
"276",217,1,"white","middle","public",2,0,-0.419999986886978,0.6700000166893,"proprietor",49.5,51.5,52.9000015258789,39,55.5999984741211
"277",471,1,"white","high","public",2,0.46000000834465,0.319999992847443,0.6700000166893,"technical",49.5,54.0999984741211,47.7999992370605,60.7000007629395,50.5999984741211
"278",247,1,"white","middle","public",3,0.46000000834465,-0.469999998807907,0,"prof1",49.5,61.9000015258789,41.4000015258789,55.2999992370605,30.6000003814697
"279",116,1,"african-amer","middle","public",2,0.270000010728836,0.340000003576279,1,"military",49.5,48.9000015258789,48,41.7000007629395,60.5
"280",154,1,"african-amer","low","public",2,0.449999988079071,0.0299999993294477,1,"clerical",49.5,46.2999992370605,52.9000015258789,52.5999984741211,65.5
"281",359,0,"white","middle","public",2,0.219999998807907,0.319999992847443,1,"school",49.5,56.7000007629395,62.7999992370605,49.7999992370605,70.5
"282",271,1,"white","high","public",3,0.28999999165535,0.0299999993294477,1,"homemaker",49.5,48.9000015258789,56.2000007629395,47.0999984741211,45.5999984741211
"283",162,1,"african-amer","high","private",2,-0.400000005960464,-1.79999995231628,0.330000013113022,"clerical",50,45,42.9000015258789,41.7000007629395,45.5999984741211
"284",313,1,"white","middle","public",2,0.46000000834465,-0.469999998807907,0.6700000166893,"prof2",50,41.0999984741211,45.0999984741211,44.4000015258789,55.5999984741211
"285",95,1,"asian","middle","public",2,0.300000011920929,-1.0900000333786,0,"prof1",51.0999984741211,56.7000007629395,55.2999992370605,47.7000007629395,56.7999992370605
"286",455,1,"white","low","public",1,0.0599999986588955,0.589999973773956,1,"clerical",52.0999984741211,51.5,45.4000015258789,39,50.5999984741211
"287",476,1,"white","high","public",1,0.230000004172325,-0.259999990463257,0,"prof1",52.0999984741211,61.9000015258789,56.2999992370605,58,55.5999984741211
"288",496,1,"white","middle","public",2,0.230000004172325,0.0299999993294477,1,"prof1",52.0999984741211,59.2999992370605,52.9000015258789,60.7000007629395,50.5999984741211
"289",41,0,"hispanic","high","public",2,-0.0299999993294477,0.629999995231628,0.6700000166893,"prof1",52.0999984741211,54.0999984741211,48.2000007629395,55.2999992370605,60.5
"290",312,1,"white","middle","public",2,0.660000026226044,0.0299999993294477,1,"clerical",52.0999984741211,56.7000007629395,41.9000015258789,52.5999984741211,60.5
"291",595,0,"white","high","private",2,0,0.0299999993294477,0.330000013113022,"prof2",52.0999984741211,59.2999992370605,50.4000015258789,60.7000007629395,60.5
"292",345,0,"white","middle","public",2,0.709999978542328,0.340000003576279,0.6700000166893,"prof1",52.0999984741211,41.0999984741211,51.2999992370605,60.7000007629395,65.5
"293",502,0,"white","middle","public",2,0.280000001192093,0.319999992847443,1,"prof2",52.0999984741211,54.0999984741211,56.5,55.2999992370605,50.5999984741211
"294",521,0,"white","high","private",2,0.46000000834465,0.340000003576279,1,"technical",52.0999984741211,46.2999992370605,50.4000015258789,52.5999984741211,50.5999984741211
"295",537,0,"white","middle","private",1,-0.400000005960464,0.649999976158142,0,"prof2",52.0999984741211,46.2999992370605,51.2999992370605,58,55.5999984741211
"296",227,0,"white","middle","public",2,0.439999997615814,0.649999976158142,1,"farmer",52.0999984741211,54.0999984741211,54.5999984741211,41.7000007629395,55.5999984741211
"297",163,1,"african-amer","middle","private",2,0.660000026226044,0,1,"prof2",52.0999984741211,48.9000015258789,48.5,44.4000015258789,60.5
"298",509,0,"white","middle","public",3,-0.409999996423721,0.340000003576279,0.6700000166893,"technical",52.0999984741211,38.5,57.9000015258789,52.5999984741211,50.5999984741211
"299",72,0,"asian","high","public",2,0.910000026226044,0.340000003576279,1,"prof2",52.0999984741211,54.0999984741211,58.0999984741211,55.7999992370605,50.5999984741211
"300",32,1,"hispanic","middle","public",2,0.689999997615814,0.340000003576279,1,"prof1",52.0999984741211,56.7000007629395,53.4000015258789,60.7000007629395,45.5999984741211
"301",83,0,"asian","middle","public",2,0.0599999986588955,0.939999997615814,1,"military",52.0999984741211,51.5,57.9000015258789,60.7000007629395,35.5999984741211
"302",507,0,"white","middle","public",3,-0.400000005960464,-0.759999990463257,0.6700000166893,"military",52.0999984741211,35.9000015258789,50.2999992370605,47.0999984741211,50.5999984741211
"303",66,1,"asian","high","public",2,0.319999992847443,-1.16999995708466,0.330000013113022,"prof1",52.0999984741211,54.0999984741211,58.0999984741211,47.0999984741211,60.5
"304",27,1,"hispanic","high","public",1,0.46000000834465,0.589999973773956,1,"technical",52.0999984741211,62.5,53.5999984741211,56.2999992370605,65.5
"305",364,1,"white","middle","public",2,-0.159999996423721,-2.57999992370605,1,"prof2",52.0999984741211,59.2999992370605,58.0999984741211,52.5999984741211,65.5
"306",260,1,"white","middle","public",2,0.100000001490116,1.19000005722046,1,"prof1",52.0999984741211,56.7000007629395,62.2999992370605,66.0999984741211,70.5
"307",408,0,"white","high","public",2,-0.449999988079071,-0.600000023841858,0.6700000166893,"prof2",52.0999984741211,59.9000015258789,49.5,48.7999992370605,60.5
"308",237,0,"white","middle","public",2,1.36000001430511,-0.800000011920929,0.6700000166893,"sales",52.0999984741211,59.2999992370605,59.5999984741211,59.0999984741211,40.5999984741211
"309",456,0,"white","middle","public",3,-1.57000005245209,0.649999976158142,0.330000013113022,"manager",52.0999984741211,56.7000007629395,45.2000007629395,55.2999992370605,50.5999984741211
"310",372,0,"white","middle","public",1,0.0900000035762787,-1.41999995708466,0.330000013113022,"proprietor",52.0999984741211,61.9000015258789,59.5999984741211,58,55.5999984741211
"311",192,1,"white","middle","public",2,0.6700000166893,0.0299999993294477,0.6700000166893,"prof1",52.0999984741211,56.7000007629395,51.0999984741211,55.2999992370605,55.5999984741211
"312",278,0,"white","low","public",2,0.46000000834465,-0.180000007152557,1,"prof2",52.0999984741211,46.2999992370605,48.2999992370605,58,60.5
"313",304,0,"white","high","public",2,0.00999999977648258,0.319999992847443,0,"technical",52.0999984741211,41.0999984741211,50.5999984741211,52.5999984741211,55.5999984741211
"314",274,1,"white","high","public",1,0.330000013113022,-0.259999990463257,1,"homemaker",52.0999984741211,67.0999984741211,57,63.4000015258789,60.5
"315",329,0,"white","high","public",2,-0.430000007152557,0.0299999993294477,1,"prof1",52.0999984741211,44.2999992370605,53.0999984741211,58,45.5999984741211
"316",487,1,"white","low","public",2,-0.469999998807907,-0.469999998807907,0,"clerical",52.0999984741211,57.2999992370605,63.7000007629395,58,55.5999984741211
"317",187,1,"white","low","public",1,0.680000007152557,-0.600000023841858,0.330000013113022,"school",52.0999984741211,64.5,59.7000007629395,55.7999992370605,50.5999984741211
"318",254,1,"white","high","public",2,0.479999989271164,-0.469999998807907,0.330000013113022,"prof1",52.0999984741211,61.9000015258789,55.5,60.7000007629395,60.5
"319",99,0,"asian","middle","public",2,0.519999980926514,0.340000003576279,1,"prof1",52.0999984741211,54.0999984741211,51.4000015258789,49.7999992370605,50.5999984741211
"320",351,1,"white","middle","public",2,0.319999992847443,0.899999976158142,0.6700000166893,"clerical",52.0999984741211,59.2999992370605,58.0999984741211,47.0999984741211,45.5999984741211
"321",522,0,"white","middle","private",2,0,0.649999976158142,1,"military",52.0999984741211,61.9000015258789,62.0999984741211,58,60.5
"322",440,1,"white","high","public",2,1.36000001430511,0.939999997615814,1,"homemaker",52.0999984741211,48.9000015258789,51.2999992370605,41.7000007629395,45.5999984741211
"323",70,0,"asian","middle","public",2,0.0599999986588955,0.439999997615814,0.6700000166893,"prof1",52.0999984741211,61.9000015258789,66.3000030517578,47.0999984741211,45.5999984741211
"324",462,0,"white","middle","public",1,0.330000013113022,0.280000001192093,0.6700000166893,"prof1",52.0999984741211,46.2999992370605,48.0999984741211,55.2999992370605,40.5999984741211
"325",85,0,"asian","low","public",1,-0.379999995231628,0.0299999993294477,0,"craftsman",52.0999984741211,43.7000007629395,49.4000015258789,55.2999992370605,40.5999984741211
"326",387,1,"white","high","public",2,0.889999985694885,0.879999995231628,1,"prof1",52.0999984741211,59.2999992370605,64,61.2000007629395,55.5999984741211
"327",185,1,"white","middle","public",1,0.449999988079071,0.560000002384186,1,"laborer",52.0999984741211,43.7000007629395,41.9000015258789,47.0999984741211,45.5999984741211
"328",200,0,"white","high","public",2,-0.270000010728836,0.879999995231628,1,"sales",52.0999984741211,64.5,60.5999984741211,60.7000007629395,45.5999984741211
"329",215,1,"white","middle","public",2,-0.400000005960464,-0.219999998807907,0.6700000166893,"prof1",52.0999984741211,38.5,36.0999984741211,44.4000015258789,45.5999984741211
"330",588,0,"white","middle","private",1,-0.930000007152557,-0.800000011920929,0.330000013113022,"prof1",52.0999984741211,51.5,49.5,55.2999992370605,45.5999984741211
"331",42,0,"hispanic","middle","public",2,0.0299999993294477,0.280000001192093,0.330000013113022,"operative",52.0999984741211,54.0999984741211,52,55.2999992370605,50.5999984741211
"332",143,0,"african-amer","middle","public",2,0.259999990463257,1.19000005722046,1,"prof1",52.0999984741211,52.7999992370605,37.5999984741211,52.5999984741211,50.5999984741211
"333",334,1,"white","middle","public",2,0.0799999982118607,-0.239999994635582,0.330000013113022,"prof2",52.0999984741211,59.2999992370605,48,55.2999992370605,60.5
"334",328,1,"white","middle","public",3,0.219999998807907,0.0299999993294477,0.330000013113022,"clerical",52.0999984741211,54.7000007629395,49.5,53.5999984741211,60.5
"335",472,1,"white","middle","public",1,-0.400000005960464,-0.259999990463257,0.330000013113022,"service",52.0999984741211,54.0999984741211,55.2999992370605,52.5999984741211,50.5999984741211
"336",153,1,"african-amer","middle","public",1,0.46000000834465,0.0299999993294477,1,"school",52.0999984741211,56.7000007629395,62.7999992370605,47.0999984741211,60.5
"337",272,1,"white","low","public",1,0.46000000834465,0.0299999993294477,0.6700000166893,"technical",52.0999984741211,56.7000007629395,53,47.0999984741211,50.5999984741211
"338",581,0,"white","middle","private",3,-0.660000026226044,-0.469999998807907,1,"prof1",52.7000007629395,41.0999984741211,40.2000007629395,58,60.5
"339",282,1,"white","middle","public",1,0.709999978542328,-0.0500000007450581,0.6700000166893,"clerical",52.7000007629395,47.5999984741211,52.2000007629395,45,50.5999984741211
"340",79,0,"asian","middle","public",2,0.46000000834465,-0.300000011920929,1,"prof2",53.2000007629395,60.5999984741211,61.2000007629395,56.9000015258789,55.5999984741211
"341",113,0,"african-amer","high","public",2,-0.0299999993294477,0.870000004768372,1,"military",53.2000007629395,46.2999992370605,43,41.7000007629395,50.5999984741211
"342",128,0,"african-amer","middle","public",2,0.490000009536743,0.439999997615814,0.6700000166893,"prof2",53.7000007629395,43.7000007629395,51.0999984741211,52,43.0999984741211
"343",310,0,"white","high","public",2,0.519999980926514,0.649999976158142,0.330000013113022,"craftsman",54.2999992370605,62.5,56.5999984741211,54.7000007629395,45.5999984741211
"344",352,1,"white","middle","public",1,0.319999992847443,0.649999976158142,1,"prof1",54.7999992370605,61.9000015258789,58.0999984741211,58,60.5
"345",166,0,"white","middle","public",3,-0.400000005960464,0.879999995231628,0.330000013113022,"farmer",54.7999992370605,45,45.9000015258789,58,50.5999984741211
"346",552,1,"white","middle","private",2,0.5,-0.219999998807907,1,"prof1",54.7999992370605,61.9000015258789,61.2999992370605,60.7000007629395,50.5999984741211
"347",478,1,"white","middle","public",2,0.6700000166893,-0.589999973773956,0.6700000166893,"prof1",54.7999992370605,64.5,55.2999992370605,49.7999992370605,60.5
"348",436,0,"white","high","public",2,0.200000002980232,-2.53999996185303,0,"technical",54.7999992370605,61.9000015258789,63.5999984741211,63.4000015258789,65.5
"349",172,0,"white","middle","public",3,-1.29999995231628,0.0299999993294477,1,"military",54.7999992370605,41.0999984741211,40.2000007629395,44.4000015258789,40.5999984741211
"350",108,1,"african-amer","high","public",3,0.259999990463257,0.939999997615814,0,"not working",54.7999992370605,38.5,46.7999992370605,36.2999992370605,45.5999984741211
"351",54,0,"hispanic","high","public",3,0.46000000834465,0.0299999993294477,0.6700000166893,"prof1",54.7999992370605,54.7000007629395,56.9000015258789,58,40.5999984741211
"352",431,1,"white","middle","public",1,0.550000011920929,-0.600000023841858,1,"clerical",54.7999992370605,54.0999984741211,51.2999992370605,41.7000007629395,45.5999984741211
"353",435,1,"white","low","public",1,-0.189999997615814,-0.850000023841858,0,"service",54.7999992370605,60.5999984741211,55.5,58,45.5999984741211
"354",505,0,"white","low","public",1,0.709999978542328,1.19000005722046,0.330000013113022,"farmer",54.7999992370605,59.2999992370605,62.5,68.8000030517578,45.5999984741211
"355",170,0,"white","low","public",1,0.300000011920929,-0.589999973773956,1,"technical",54.7999992370605,46.2999992370605,45.5,58,60.5
"356",261,0,"white","middle","public",3,0.280000001192093,0.0299999993294477,1,"prof1",54.7999992370605,59.2999992370605,49.5,63.4000015258789,56.7999992370605
"357",91,1,"asian","middle","private",1,-0.400000005960464,-0.469999998807907,1,"prof2",54.7999992370605,59.2999992370605,51.7999992370605,41.7000007629395,55.5999984741211
"358",287,1,"white","high","public",2,0.660000026226044,0.340000003576279,0.6700000166893,"prof1",54.7999992370605,56.7000007629395,61.9000015258789,63.4000015258789,55.5999984741211
"359",156,0,"african-amer","high","public",3,-0.419999986886978,-0.600000023841858,1,"school",54.7999992370605,56.7000007629395,64.6999969482422,58,60.5
"360",475,0,"white","high","public",2,0.709999978542328,0.0299999993294477,1,"prof2",54.7999992370605,61.2000007629395,53.7000007629395,48.7999992370605,60.5
"361",303,1,"white","low","public",1,-0.839999973773956,-0.239999994635582,1,"homemaker",54.7999992370605,64.5,44.5,52.5999984741211,50.5999984741211
"362",210,1,"white","middle","public",1,0.0599999986588955,0.0299999993294477,1,"prof1",54.7999992370605,59.2999992370605,46.2000007629395,47.0999984741211,65.5
"363",161,1,"african-amer","middle","private",2,0.479999989271164,0.629999995231628,1,"prof2",54.7999992370605,48.2000007629395,58.7000007629395,51.5,45.5999984741211
"364",280,0,"white","high","public",2,0.310000002384186,0.0299999993294477,1,"prof2",54.7999992370605,48.9000015258789,61.2000007629395,60.7000007629395,55.5999984741211
"365",198,1,"white","middle","public",2,0.660000026226044,-0.469999998807907,0.6700000166893,"prof1",54.7999992370605,59.2999992370605,50.5999984741211,60.7000007629395,50.5999984741211
"366",486,1,"white","middle","public",2,0.52999997138977,0.810000002384186,0.6700000166893,"prof1",54.7999992370605,59.2999992370605,61.4000015258789,47.0999984741211,55.5999984741211
"367",176,1,"white","high","public",1,0.910000026226044,0.649999976158142,0.330000013113022,"proprietor",54.7999992370605,48.9000015258789,41.9000015258789,52.5999984741211,55.5999984741211
"368",191,0,"white","high","public",2,0.490000009536743,0.939999997615814,1,"technical",54.7999992370605,56.7000007629395,63.7999992370605,60.7000007629395,65.5
"369",167,1,"white","high","public",2,0.0599999986588955,0.0299999993294477,0.6700000166893,"prof2",54.7999992370605,54.0999984741211,47.0999984741211,49.7999992370605,50.5999984741211
"370",489,1,"white","middle","public",2,-0.439999997615814,-1.12999999523163,1,"prof1",54.7999992370605,61.9000015258789,69.5999984741211,60.7000007629395,55.5999984741211
"371",362,0,"white","middle","public",1,0,0.649999976158142,1,"manager",54.7999992370605,64.5,51.0999984741211,49.7999992370605,55.5999984741211
"372",81,1,"asian","high","public",2,0.280000001192093,0.939999997615814,1,"prof2",54.7999992370605,56,43.5,49.7999992370605,50.5999984741211
"373",491,1,"white","middle","public",1,-0.140000000596046,0.560000002384186,1,"homemaker",54.7999992370605,61.9000015258789,54.5999984741211,47.0999984741211,45.5999984741211
"374",540,0,"white","middle","private",2,0.709999978542328,1.19000005722046,0.6700000166893,"craftsman",54.7999992370605,48.9000015258789,52.4000015258789,58,60.5
"375",137,0,"african-amer","middle","public",2,-0.370000004768372,-1.89999997615814,0.6700000166893,"manager",54.7999992370605,36.5,37.7000007629395,49.7999992370605,60.5
"376",243,1,"white","middle","public",2,-0.400000005960464,0.0299999993294477,0,"clerical",54.7999992370605,49.5,55.2999992370605,47.0999984741211,51.7999992370605
"377",518,0,"white","middle","public",1,0.0599999986588955,0.0299999993294477,1,"craftsman",54.7999992370605,41.0999984741211,42.7999992370605,47.0999984741211,40.5999984741211
"378",426,0,"white","low","public",2,0.680000007152557,0.870000004768372,1,"prof2",54.7999992370605,56.7000007629395,56.9000015258789,58,70.5
"379",488,0,"white","high","public",3,0.430000007152557,-0.0500000007450581,0.6700000166893,"protective",54.7999992370605,45.5999984741211,51.7999992370605,60.7000007629395,45.5999984741211
"380",193,1,"white","middle","public",2,0.509999990463257,0.0299999993294477,1,"school",54.7999992370605,54.0999984741211,66.4000015258789,41.7000007629395,55.5999984741211
"381",585,0,"white","high","private",2,0.100000001490116,0.560000002384186,0.6700000166893,"prof1",54.7999992370605,61.9000015258789,60.4000015258789,55.2999992370605,65.5
"382",419,0,"white","middle","public",3,-0.189999997615814,0.0299999993294477,0.330000013113022,"craftsman",54.7999992370605,51.5,42.7999992370605,60.7000007629395,50.5999984741211
"383",414,1,"white","middle","public",1,0.0799999982118607,0.0299999993294477,1,"sales",54.7999992370605,67.0999984741211,47.4000015258789,49.7999992370605,65.5
"384",253,0,"white","middle","public",1,-0.140000000596046,-0.239999994635582,0.6700000166893,"prof1",54.7999992370605,38.5,57,52.5999984741211,45.5999984741211
"385",354,1,"white","middle","public",2,-0.600000023841858,-1.17999994754791,0.6700000166893,"clerical",54.7999992370605,59.2999992370605,68,49.2999992370605,65.5
"386",275,1,"white","high","public",1,-0.439999997615814,-0.469999998807907,1,"prof1",54.7999992370605,65.0999984741211,66.0999984741211,49.7999992370605,60.5
"387",263,0,"white","middle","public",2,0.46000000834465,0.0299999993294477,0.6700000166893,"operative",54.7999992370605,64.5,58.5999984741211,55.2999992370605,60.5
"388",454,1,"white","high","public",2,0.910000026226044,0.150000005960464,0,"prof1",54.7999992370605,56.7000007629395,55.5,58,60.5
"389",529,0,"white","middle","private",2,0.550000011920929,0.629999995231628,1,"technical",54.7999992370605,59.2999992370605,62.2999992370605,58,50.5999984741211
"390",228,1,"white","middle","public",2,0,-0.819999992847443,0.6700000166893,"prof2",54.7999992370605,67.0999984741211,63.7999992370605,49.7999992370605,50.5999984741211
"391",149,0,"african-amer","low","public",2,1.1599999666214,1.19000005722046,0.330000013113022,"prof1",55.2999992370605,46.9000015258789,49.0999984741211,54.2000007629395,51.7999992370605
"392",207,1,"white","middle","public",1,1.11000001430511,0.899999976158142,0.330000013113022,"homemaker",55.2999992370605,50.2000007629395,41.7000007629395,58.5,55.5999984741211
"393",204,1,"white","middle","public",2,0.439999997615814,0.0299999993294477,1,"prof1",55.2999992370605,51.5,48,58,65.5
"394",591,1,"white","high","private",2,1.13999998569489,0.629999995231628,1,"service",55.2999992370605,53.4000015258789,44.5,53.5999984741211,48.0999984741211
"395",119,1,"african-amer","low","public",2,0.280000001192093,1.19000005722046,1,"clerical",56.4000015258789,59.2999992370605,38.5,55.2999992370605,56.7999992370605
"396",569,0,"white","low","private",2,0.200000002980232,-0.469999998807907,0.6700000166893,"craftsman",56.4000015258789,49.5,51.9000015258789,47.0999984741211,48.0999984741211
"397",220,1,"white","middle","public",2,0.660000026226044,0.340000003576279,1,"homemaker",56.9000015258789,49.5,49.5,50.9000015258789,58.0999984741211
"398",97,1,"asian","low","public",2,1.1599999666214,-0.72000002861023,0.6700000166893,"prof2",56.9000015258789,64.5,72.1999969482422,54.2000007629395,55.5999984741211
"399",377,1,"white","middle","public",2,-0.159999996423721,0.0299999993294477,1,"operative",57.4000015258789,57.2999992370605,64,58,65.5
"400",211,1,"white","middle","public",1,0.709999978542328,-0.28999999165535,0.6700000166893,"prof1",57.4000015258789,61.9000015258789,55.5,58,65.5
"401",564,0,"white","high","private",2,0.319999992847443,-0.879999995231628,0.330000013113022,"prof1",57.4000015258789,54.0999984741211,42.2000007629395,44.4000015258789,55.5999984741211
"402",315,1,"white","high","public",2,0.910000026226044,-0.469999998807907,0.6700000166893,"prof2",57.4000015258789,59.2999992370605,57.2000007629395,59.0999984741211,65.5
"403",470,1,"white","high","public",2,1.36000001430511,0.939999997615814,1,"prof2",57.4000015258789,64.5,49.9000015258789,55.2999992370605,55.5999984741211
"404",484,1,"white","middle","public",3,-0.219999998807907,-2.26999998092651,0,"clerical",57.4000015258789,51.5,40.2999992370605,60.7000007629395,55.5999984741211
"405",539,1,"white","middle","private",2,-0.400000005960464,-1.3400000333786,1,"operative",57.4000015258789,61.9000015258789,55.5,49.7999992370605,55.5999984741211
"406",102,1,"hispanic","high","private",2,0.449999988079071,0.649999976158142,1,"prof1",57.4000015258789,56.7000007629395,46.9000015258789,52.5999984741211,55.5999984741211
"407",563,1,"white","high","private",2,0.910000026226044,0.0299999993294477,1,"prof1",57.4000015258789,59.2999992370605,55.5,55.2999992370605,50.5999984741211
"408",212,0,"white","middle","public",1,0.259999990463257,0.0299999993294477,1,"craftsman",57.4000015258789,51.5,55.2999992370605,60.7000007629395,60.5
"409",19,0,"hispanic","middle","public",2,0.0599999986588955,0.0299999993294477,1,"manager",57.4000015258789,54.0999984741211,58.9000015258789,47.0999984741211,50.5999984741211
"410",559,1,"white","middle","private",1,0.270000010728836,0.0299999993294477,0.6700000166893,"homemaker",57.4000015258789,41.0999984741211,57,55.2999992370605,51.7999992370605
"411",477,1,"white","middle","public",2,0.46000000834465,-0.280000001192093,1,"prof1",57.4000015258789,56.7000007629395,56.4000015258789,63.4000015258789,60.5
"412",218,1,"white","middle","public",3,0.46000000834465,0.0299999993294477,1,"clerical",57.4000015258789,67.0999984741211,47.7000007629395,55.7999992370605,50.5999984741211
"413",178,0,"white","middle","public",2,0.0599999986588955,-0.28999999165535,0.6700000166893,"farmer",57.4000015258789,64.5,51.0999984741211,63.4000015258789,60.5
"414",556,1,"white","middle","private",2,0.870000004768372,0.870000004768372,0.6700000166893,"prof2",57.4000015258789,61.9000015258789,62.7999992370605,55.2999992370605,40.5999984741211
"415",267,0,"white","high","public",2,0.680000007152557,0.340000003576279,1,"technical",57.4000015258789,56.7000007629395,62.7999992370605,58,50.5999984741211
"416",292,1,"white","low","public",3,-1.0900000333786,-0.899999976158142,0.6700000166893,"prof1",57.4000015258789,59.9000015258789,50.5,52.5999984741211,36.9000015258789
"417",536,1,"white","high","private",2,0.910000026226044,-1.66999995708466,0.330000013113022,"prof1",57.4000015258789,54.0999984741211,54.7999992370605,60.7000007629395,60.5
"418",142,0,"african-amer","middle","public",2,1.12999999523163,0.870000004768372,1,"prof2",57.4000015258789,54.7000007629395,51.7000007629395,49.7999992370605,50.5999984741211
"419",89,0,"asian","middle","public",1,-1.27999997138977,-1.04999995231628,0.330000013113022,"prof1",57.4000015258789,43.7000007629395,57.7999992370605,60.7000007629395,45.5999984741211
"420",584,0,"white","high","private",2,0.219999998807907,1.19000005722046,1,"proprietor",57.4000015258789,54.0999984741211,48.7999992370605,55.2999992370605,40.5999984741211
"421",234,1,"white","high","public",2,0.959999978542328,0.870000004768372,1,"prof1",57.4000015258789,64.5,48,47.0999984741211,50.5999984741211
"422",599,1,"white","middle","private",2,0.230000004172325,0.939999997615814,1,"prof2",57.4000015258789,67.0999984741211,57.9000015258789,60.7000007629395,55.5999984741211
"423",583,0,"white","middle","private",1,-1.33000004291534,0.0299999993294477,0.6700000166893,"technical",57.4000015258789,56.7000007629395,59.7999992370605,58,55.5999984741211
"424",208,0,"white","low","public",1,0.0500000007450581,-0.600000023841858,0,"operative",57.4000015258789,51.5,40.5999984741211,46.5999984741211,56.7999992370605
"425",294,0,"white","low","public",2,-0.819999992847443,-0.759999990463257,0,"clerical",57.4000015258789,43.7000007629395,59.5999984741211,52.5999984741211,50.5999984741211
"426",519,0,"white","middle","private",2,0.319999992847443,1.19000005722046,1,"prof1",57.4000015258789,61.9000015258789,64,55.7999992370605,55.5999984741211
"427",86,1,"asian","high","public",2,0.230000004172325,-0.600000023841858,1,"prof2",57.4000015258789,67.0999984741211,68,59.0999984741211,65.5
"428",171,1,"white","middle","public",2,0.0799999982118607,0.589999973773956,1,"prof1",57.4000015258789,56.7000007629395,53.9000015258789,60.7000007629395,60.5
"429",346,1,"white","middle","public",2,0.46000000834465,0.0299999993294477,0.6700000166893,"prof1",57.4000015258789,59.2999992370605,53.9000015258789,49.7999992370605,55.5999984741211
"430",105,1,"hispanic","high","private",2,0.46000000834465,0.340000003576279,1,"prof1",57.4000015258789,54.0999984741211,59.5999984741211,60.7000007629395,70.5
"431",481,1,"white","low","public",2,0.889999985694885,0.340000003576279,0.330000013113022,"prof2",57.4000015258789,61.9000015258789,72.1999969482422,60.7000007629395,60.5
"432",203,1,"white","middle","public",2,-0.439999997615814,-0.77999997138977,1,"prof2",58,48.9000015258789,43.7999992370605,44.4000015258789,65.5
"433",183,1,"white","low","public",2,1.1599999666214,0.629999995231628,0.6700000166893,"sales",58.5,54.0999984741211,46.2999992370605,48.2000007629395,53.0999984741211
"434",131,1,"african-amer","middle","public",2,1.36000001430511,0.649999976158142,0.6700000166893,"prof2",59,56.7000007629395,52.9000015258789,48.7999992370605,56.7999992370605
"435",464,1,"white","middle","public",2,0.939999997615814,-0.300000011920929,1,"prof2",60.0999984741211,67.0999984741211,52.4000015258789,55.2999992370605,50.5999984741211
"436",299,0,"white","high","public",3,-0.509999990463257,-1.98000001907349,0,"not working",60.0999984741211,57.2999992370605,58.7999992370605,58,50.5999984741211
"437",429,0,"white","high","public",3,1.12999999523163,0.560000002384186,1,"manager",60.0999984741211,48.9000015258789,50.4000015258789,55.2999992370605,65.5
"438",320,0,"white","low","public",3,0.219999998807907,0.0299999993294477,0.6700000166893,"technical",60.0999984741211,41.7000007629395,52,52.5999984741211,50.5999984741211
"439",302,0,"white","middle","public",2,0.689999997615814,0.0500000007450581,0.6700000166893,"prof2",60.0999984741211,59.2999992370605,57.9000015258789,40.5999984741211,65.5
"440",103,1,"hispanic","low","private",1,0.0599999986588955,0.319999992847443,0,"service",60.0999984741211,54.0999984741211,49.9000015258789,49.7999992370605,50.5999984741211
"441",223,0,"white","middle","public",3,0.479999989271164,0.0299999993294477,1,"prof2",60.0999984741211,46.2999992370605,51.4000015258789,52.5999984741211,60.5
"442",546,1,"white","high","private",2,0.0199999995529652,-0.140000000596046,0,"prof1",60.0999984741211,64.5,67,58.5,66.8000030517578
"443",195,0,"white","high","public",2,0.270000010728836,0.0299999993294477,1,"prof2",60.0999984741211,51.5,48.0999984741211,52.5999984741211,55.5999984741211
"444",390,1,"white","high","public",2,0.449999988079071,0.0299999993294477,0.6700000166893,"prof1",60.0999984741211,61.9000015258789,51.9000015258789,53.0999984741211,58.0999984741211
"445",301,1,"white","high","public",2,0.75,1.19000005722046,1,"prof1",60.0999984741211,61.9000015258789,67.0999984741211,49.7999992370605,55.5999984741211
"446",528,1,"white","high","private",2,-0.189999997615814,1.19000005722046,1,"prof1",60.0999984741211,61.9000015258789,54.5999984741211,60.7000007629395,65.5
"447",511,0,"white","middle","public",2,-0.439999997615814,1.19000005722046,1,"craftsman",60.0999984741211,54.0999984741211,59.5999984741211,55.2999992370605,65.5
"448",76,1,"asian","high","public",2,0.109999999403954,-1.41999995708466,1,"technical",60.0999984741211,59.2999992370605,62.0999984741211,60.7000007629395,50.5999984741211
"449",446,0,"white","low","public",2,0.649999976158142,-0.300000011920929,1,"prof2",60.0999984741211,61.9000015258789,74.5999984741211,58,60.5
"450",413,1,"white","middle","public",1,0.509999990463257,0.0299999993294477,0.330000013113022,"manager",60.0999984741211,51.5,53.9000015258789,63.4000015258789,50.5999984741211
"451",360,1,"white","high","public",2,0.709999978542328,0.280000001192093,1,"proprietor",60.0999984741211,64.5,63,68.8000030517578,60.5
"452",596,0,"white","high","private",2,0.270000010728836,-1.04999995231628,0.330000013113022,"prof1",60.0999984741211,54.0999984741211,56.2999992370605,55.2999992370605,55.5999984741211
"453",530,1,"white","high","private",2,0.259999990463257,0.939999997615814,1,"prof2",60.0999984741211,59.2999992370605,51.7999992370605,53.0999984741211,55.5999984741211
"454",557,1,"white","middle","private",2,1.1599999666214,1.19000005722046,1,"technical",60.0999984741211,59.2999992370605,55.2999992370605,58,45.5999984741211
"455",405,0,"white","middle","public",2,0.200000002980232,0.560000002384186,0.6700000166893,"protective",60.0999984741211,52.7999992370605,51.5,58,50.5999984741211
"456",235,1,"white","middle","public",2,0.200000002980232,-0.550000011920929,0.6700000166893,"prof1",60.0999984741211,61.9000015258789,48.7000007629395,49.7999992370605,50.5999984741211
"457",289,0,"white","high","public",2,-0.379999995231628,0.0299999993294477,1,"prof1",60.0999984741211,54.0999984741211,58,58,60.5
"458",473,1,"white","middle","public",3,0.0599999986588955,0.280000001192093,1,"sales",60.0999984741211,59.2999992370605,56.2000007629395,60.7000007629395,60.5
"459",251,0,"white","high","public",1,0.660000026226044,0.340000003576279,1,"military",60.0999984741211,51.5,53,63.4000015258789,55.5999984741211
"460",45,0,"hispanic","high","public",2,1.1599999666214,0.319999992847443,1,"prof1",60.0999984741211,54.0999984741211,48.5999984741211,58,30.6000003814697
"461",317,1,"white","middle","public",2,0.0199999995529652,-1.04999995231628,0.330000013113022,"prof1",60.0999984741211,64.5,61.2000007629395,60.7000007629395,50.5999984741211
"462",293,1,"white","middle","public",2,0.709999978542328,-0.550000011920929,1,"prof1",60.0999984741211,59.2999992370605,64.3000030517578,60.7000007629395,65.5
"463",430,0,"white","high","public",1,1.12999999523163,0.629999995231628,0.6700000166893,"prof2",60.0999984741211,64.5,57.9000015258789,60.7000007629395,65.5
"464",17,1,"hispanic","high","public",2,0.259999990463257,0.0299999993294477,1,"prof2",60.0999984741211,64.5,55.7000007629395,63.4000015258789,60.5
"465",479,1,"white","middle","public",2,0.46000000834465,0.0299999993294477,1,"prof2",60.0999984741211,64.5,56.2999992370605,63.4000015258789,60.5
"466",58,0,"hispanic","high","public",2,-0.680000007152557,-0.259999990463257,0,"craftsman",60.0999984741211,51.5,56.7999992370605,60.7000007629395,60.5
"467",356,1,"white","low","public",3,-0.889999985694885,-1.28999996185303,0.330000013113022,"prof1",60.0999984741211,64.5,41,52.5999984741211,50.5999984741211
"468",150,1,"african-amer","middle","public",2,0.910000026226044,-0.280000001192093,1,"military",60.0999984741211,67.0999984741211,56.2000007629395,37.4000015258789,50.5999984741211
"469",229,1,"white","low","public",2,0.910000026226044,0.0299999993294477,1,"clerical",60.5999984741211,59.2999992370605,49.4000015258789,44.4000015258789,65.5
"470",225,0,"white","middle","public",2,0.889999985694885,0.589999973773956,0.6700000166893,"manager",60.5999984741211,56.7000007629395,70.5,58,65.5
"471",381,1,"white","middle","public",2,0.219999998807907,-0.569999992847443,1,"clerical",61.0999984741211,67.0999984741211,64.5,50.4000015258789,55.5999984741211
"472",285,1,"white","middle","public",2,0,0.0299999993294477,0.6700000166893,"clerical",61.0999984741211,61.2000007629395,62.2000007629395,57.4000015258789,53.0999984741211
"473",245,0,"white","middle","public",1,0.46000000834465,0.340000003576279,0.6700000166893,"prof1",62.2000007629395,56.7000007629395,51.9000015258789,54.7000007629395,58.0999984741211
"474",597,0,"white","middle","private",2,0.550000011920929,0.340000003576279,1,"technical",62.7000007629395,61.9000015258789,72.9000015258789,63.4000015258789,55.5999984741211
"475",132,1,"african-amer","low","public",2,-0.239999994635582,-0.159999996423721,0.330000013113022,"technical",62.7000007629395,61.9000015258789,52.4000015258789,47.0999984741211,60.5
"476",75,0,"asian","high","private",2,-1.04999995231628,0.280000001192093,0.6700000166893,"prof1",62.7000007629395,64.5,66.3000030517578,58,60.5
"477",403,1,"white","low","public",2,0,0.340000003576279,1,"service",62.7000007629395,59.9000015258789,65.4000015258789,53.5999984741211,65.5
"478",498,0,"white","middle","public",3,0.259999990463257,0.0299999993294477,1,"operative",62.7000007629395,59.2999992370605,53.2000007629395,63.4000015258789,55.5999984741211
"479",87,0,"asian","middle","public",2,1.36000001430511,0.589999973773956,1,"prof2",62.7000007629395,67.0999984741211,69.5999984741211,68.8000030517578,55.5999984741211
"480",402,1,"white","middle","public",2,0.930000007152557,0.649999976158142,1,"manager",62.7000007629395,59.2999992370605,71.3000030517578,68.8000030517578,60.5
"481",404,1,"white","middle","public",1,-0.379999995231628,-0.469999998807907,0.6700000166893,"homemaker",62.7000007629395,43.7000007629395,44.7000007629395,52.5999984741211,41.9000015258789
"482",250,0,"white","middle","public",1,-0.170000001788139,-0.839999973773956,0.6700000166893,"service",62.7000007629395,56.7000007629395,54.2999992370605,58,50.5999984741211
"483",347,1,"white","high","public",2,0.280000001192093,0.0299999993294477,0.6700000166893,"prof1",62.7000007629395,67.0999984741211,65.5999984741211,61.7999992370605,65.5
"484",410,1,"white","low","public",2,-0.180000007152557,-1.0900000333786,0.6700000166893,"service",62.7000007629395,56.7000007629395,58.7999992370605,71.5,60.5
"485",497,1,"white","middle","public",3,0,-0.180000007152557,0,"prof1",62.7000007629395,59.2999992370605,55.5,45.5,46.7999992370605
"486",504,0,"white","middle","public",2,1.36000001430511,0.629999995231628,1,"prof2",62.7000007629395,61.9000015258789,68.5999984741211,68.8000030517578,55.5999984741211
"487",241,0,"white","low","public",2,0.479999989271164,0.689999997615814,0.6700000166893,"technical",62.7000007629395,43,58.9000015258789,65,44.2999992370605
"488",7,0,"hispanic","low","public",2,0.439999997615814,-0.469999998807907,0.330000013113022,"prof2",62.7000007629395,64.5,48,63.4000015258789,55.5999984741211
"489",527,1,"white","middle","private",2,1.36000001430511,-1.17999994754791,1,"prof1",62.7000007629395,61.9000015258789,63.0999984741211,60.7000007629395,60.5
"490",547,0,"white","middle","private",2,0.469999998807907,0.0299999993294477,0.6700000166893,"sales",62.7000007629395,59.2999992370605,48.7999992370605,55.2999992370605,70.5
"491",483,1,"white","low","public",3,0.0599999986588955,-0.600000023841858,0.6700000166893,"prof1",62.7000007629395,56,57.2999992370605,60.7000007629395,56.7999992370605
"492",600,0,"white","middle","private",2,0.0199999995529652,0.0299999993294477,0.330000013113022,"prof1",62.7000007629395,54.0999984741211,64.6999969482422,58,50.5999984741211
"493",411,0,"white","high","public",2,0.319999992847443,0.280000001192093,0.6700000166893,"technical",62.7000007629395,63.2000007629395,68.9000015258789,74.1999969482422,70.5
"494",445,0,"white","low","public",1,0.439999997615814,-0.159999996423721,0.6700000166893,"prof1",62.7000007629395,48.9000015258789,48.7999992370605,66.0999984741211,45.5999984741211
"495",553,0,"white","middle","private",2,0.709999978542328,0.280000001192093,0.6700000166893,"technical",62.7000007629395,56.7000007629395,54.7000007629395,58,40.5999984741211
"496",485,1,"white","middle","public",2,0.709999978542328,0.340000003576279,0,"craftsman",62.7000007629395,64.5,57.4000015258789,60.7000007629395,70.5
"497",515,0,"white","middle","public",2,0.680000007152557,-0.259999990463257,1,"prof2",62.7000007629395,61.9000015258789,56.2000007629395,47.0999984741211,45.5999984741211
"498",249,1,"white","middle","public",2,-1.55999994277954,0.0299999993294477,0.330000013113022,"service",62.7000007629395,54.0999984741211,53,55.2999992370605,45.5999984741211
"499",421,0,"white","high","public",3,-0.400000005960464,-1.0900000333786,0.6700000166893,"military",62.7000007629395,43.7000007629395,47.0999984741211,52.5999984741211,55.5999984741211
"500",449,0,"white","middle","public",3,0.100000001490116,0.0299999993294477,0,"farmer",62.7000007629395,48.9000015258789,42.0999984741211,66.0999984741211,70.5
"501",580,1,"white","high","private",2,0.730000019073486,0.0299999993294477,1,"prof1",62.7000007629395,62.5,68.9000015258789,60.7000007629395,60.5
"502",409,1,"white","high","public",2,1.12999999523163,0.0299999993294477,0.6700000166893,"prof1",62.7000007629395,64.5,64.5,52.5999984741211,60.5
"503",298,1,"white","high","public",2,0.0599999986588955,0.319999992847443,1,"clerical",62.7000007629395,64.5,70.5,68.8000030517578,70.5
"504",525,1,"white","high","private",2,0.479999989271164,-0.819999992847443,0.330000013113022,"prof1",62.7000007629395,64.5,58.2000007629395,61.7999992370605,61.7999992370605
"505",186,0,"white","middle","public",3,-0.159999996423721,-0.52999997138977,0.6700000166893,"laborer",62.7000007629395,61.9000015258789,67,66.0999984741211,45.5999984741211
"506",562,1,"white","high","private",2,0.230000004172325,0.0299999993294477,1,"clerical",62.7000007629395,61.9000015258789,55.5,55.2999992370605,60.5
"507",240,0,"white","middle","public",2,0.46000000834465,0.0299999993294477,0.6700000166893,"prof1",62.7000007629395,54.0999984741211,54.7999992370605,55.2999992370605,65.5
"508",111,0,"african-amer","high","public",2,0.680000007152557,0.939999997615814,1,"prof1",62.7000007629395,52.0999984741211,66.0999984741211,68.8000030517578,50.5999984741211
"509",231,1,"white","low","public",1,0,-1.0900000333786,0.6700000166893,"prof1",62.7000007629395,51.5,45.9000015258789,47.0999984741211,45.5999984741211
"510",427,0,"white","middle","public",3,0.0500000007450581,-0.879999995231628,0.6700000166893,"craftsman",62.7000007629395,63.2000007629395,74.5999984741211,71.5,65.5
"511",379,0,"white","high","public",2,-0.330000013113022,0.379999995231628,0.6700000166893,"manager",62.7000007629395,59.2999992370605,56.5,55.2999992370605,55.5999984741211
"512",499,0,"white","middle","public",1,-1.58000004291534,-0.259999990463257,0.330000013113022,"military",62.7000007629395,48.9000015258789,35.2999992370605,66.0999984741211,40.5999984741211
"513",335,1,"white","middle","public",1,0.46000000834465,0.340000003576279,0.6700000166893,"prof1",62.7000007629395,61.9000015258789,52.9000015258789,44.4000015258789,40.5999984741211
"514",422,1,"white","middle","public",2,0,0.0299999993294477,0.6700000166893,"prof1",62.7000007629395,64.5,38.2999992370605,55.7999992370605,55.5999984741211
"515",233,1,"white","middle","public",3,0.0599999986588955,0.0299999993294477,0.6700000166893,"service",62.7000007629395,61.9000015258789,58.7999992370605,60.7000007629395,60.5
"516",164,0,"white","high","public",2,0.0599999986588955,0.0299999993294477,1,"prof1",62.7000007629395,64.5,71.3000030517578,55.2999992370605,70.5
"517",358,1,"white","high","public",2,0.449999988079071,0.0299999993294477,1,"homemaker",62.7000007629395,51.5,54.4000015258789,49.7999992370605,50.5999984741211
"518",189,1,"white","high","public",2,1.11000001430511,0.899999976158142,0.330000013113022,"manager",62.7000007629395,64.5,61.4000015258789,58,60.5
"519",93,1,"asian","middle","public",2,0.550000011920929,0.899999976158142,1,"prof1",62.7000007629395,61.9000015258789,59.5999984741211,60.7000007629395,65.5
"520",576,1,"white","middle","private",3,0.430000007152557,-1.0900000333786,0.6700000166893,"school",63.2999992370605,64.5,52.0999984741211,58,65.5
"521",555,0,"white","high","private",2,0.0599999986588955,1.19000005722046,1,"proprietor",65.4000015258789,64.5,67.9000015258789,63.4000015258789,55.5999984741211
"522",286,1,"white","high","public",2,0.519999980926514,0.340000003576279,1,"prof2",65.4000015258789,54.0999984741211,61.4000015258789,58,55.5999984741211
"523",574,0,"white","high","private",2,0.0299999993294477,0.560000002384186,0.6700000166893,"craftsman",65.4000015258789,67.0999984741211,63,66.0999984741211,70.5
"524",495,0,"white","middle","public",1,0.680000007152557,0.0299999993294477,1,"prof2",65.4000015258789,64.5,51.2999992370605,66.0999984741211,65.5
"525",104,0,"hispanic","middle","private",2,0.259999990463257,0.879999995231628,1,"prof1",65.4000015258789,59.2999992370605,62.2999992370605,60.7000007629395,65.5
"526",444,0,"white","middle","public",2,0.0399999991059303,0.0299999993294477,0.6700000166893,"prof1",65.4000015258789,51.5,61.2000007629395,68.8000030517578,60.5
"527",348,1,"white","middle","public",1,0.46000000834465,0.0299999993294477,1,"prof2",65.4000015258789,51.5,61.4000015258789,60.7000007629395,50.5999984741211
"528",460,0,"white","high","public",2,-0.930000007152557,-0.219999998807907,0.6700000166893,"prof2",65.4000015258789,64.5,65.5,60.7000007629395,65.5
"529",290,1,"white","high","public",1,0.46000000834465,-1.11000001430511,0.330000013113022,"prof1",65.4000015258789,67.0999984741211,67,66.0999984741211,70.5
"530",501,0,"white","middle","public",2,0.910000026226044,0.589999973773956,1,"prof2",65.4000015258789,67.0999984741211,67.0999984741211,66.0999984741211,61.7999992370605
"531",406,0,"white","middle","public",2,0.730000019073486,0.0299999993294477,1,"technical",65.4000015258789,59.2999992370605,69.5999984741211,63.4000015258789,50.5999984741211
"532",175,1,"white","middle","public",2,1.1599999666214,0.649999976158142,1,"clerical",65.4000015258789,67.0999984741211,63.0999984741211,55.2999992370605,70.5
"533",516,0,"white","middle","public",2,0.660000026226044,0.0299999993294477,0.330000013113022,"manager",65.4000015258789,59.2999992370605,67.0999984741211,66.0999984741211,65.5
"534",566,0,"white","high","private",2,1.11000001430511,0.340000003576279,1,"prof2",65.4000015258789,64.5,64.0999984741211,66.0999984741211,70.5
"535",74,1,"asian","high","public",2,0.0199999995529652,0.0299999993294477,0.6700000166893,"prof2",65.4000015258789,56.7000007629395,62.2999992370605,58.5,55.5999984741211
"536",184,0,"white","high","public",1,1.1599999666214,-0.810000002384186,0.6700000166893,"prof1",65.4000015258789,64.5,48,63.4000015258789,65.5
"537",434,1,"white","high","public",2,0.479999989271164,0.0299999993294477,1,"homemaker",65.4000015258789,61.9000015258789,60.4000015258789,63.4000015258789,60.5
"538",84,0,"asian","high","public",2,-0.170000001788139,0.310000002384186,1,"prof2",65.4000015258789,67.0999984741211,75.5,71.5,70.5
"539",291,1,"white","middle","public",1,0.230000004172325,0.0299999993294477,1,"sales",65.4000015258789,56.7000007629395,65.4000015258789,58,70.5
"540",270,1,"white","middle","public",2,0.230000004172325,-0.759999990463257,1,"prof1",65.4000015258789,64.5,59.5999984741211,66.0999984741211,60.5
"541",417,1,"white","middle","public",1,0.0700000002980232,0.340000003576279,1,"prof1",65.4000015258789,59.2999992370605,51.2000007629395,60.7000007629395,55.5999984741211
"542",284,0,"white","high","public",2,1.36000001430511,1.19000005722046,1,"prof1",65.4000015258789,48.9000015258789,66.3000030517578,58,35.5999984741211
"543",551,0,"white","middle","private",2,0.959999978542328,0.629999995231628,1,"protective",65.4000015258789,64.5,70.3000030517578,66.0999984741211,65.5
"544",391,1,"white","high","public",2,0.0599999986588955,0.649999976158142,0,"prof1",65.4000015258789,59.2999992370605,56.7999992370605,46.0999984741211,65.5
"545",67,1,"asian","low","public",2,-0.709999978542328,-2.28999996185303,0.330000013113022,"prof1",65.4000015258789,64.5,63.7000007629395,58,70.5
"546",216,1,"white","high","public",2,0.680000007152557,0.0299999993294477,1,"sales",65.4000015258789,67.0999984741211,64.5,60.7000007629395,70.5
"547",248,0,"white","middle","public",1,-0.490000009536743,0.0299999993294477,0.330000013113022,"prof1",65.4000015258789,59.2999992370605,56.7999992370605,66.0999984741211,60.5
"548",543,1,"white","high","private",2,-0.469999998807907,0.280000001192093,1,"prof2",65.4000015258789,61.9000015258789,47.0999984741211,60.7000007629395,60.5
"549",78,0,"asian","low","public",3,-0.449999988079071,-0.639999985694885,0.330000013113022,"prof1",65.4000015258789,56.7000007629395,55.2000007629395,52.5999984741211,55.5999984741211
"550",238,0,"white","high","public",2,0.46000000834465,0.939999997615814,1,"prof2",65.4000015258789,61.9000015258789,67.9000015258789,66.0999984741211,65.5
"551",357,1,"white","middle","public",3,0.0599999986588955,-0.280000001192093,1,"clerical",65.9000015258789,64.5,54.5999984741211,60.7000007629395,60.5
"552",115,1,"african-amer","high","public",2,1.13999998569489,1.19000005722046,1,"prof1",65.9000015258789,67.0999984741211,67.0999984741211,60.7000007629395,65.5
"553",366,1,"white","middle","public",1,0.930000007152557,0.0299999993294477,1,"prof2",65.9000015258789,67.0999984741211,70.5,52.5999984741211,65.5
"554",297,1,"white","high","public",2,0.46000000834465,1.19000005722046,0.6700000166893,"prof2",65.9000015258789,64.5,61.7999992370605,60.7000007629395,60.5
"555",500,1,"white","low","public",3,0.0599999986588955,0.280000001192093,1,"farmer",65.9000015258789,63.2000007629395,50.2999992370605,60.0999984741211,55.5999984741211
"556",361,1,"white","middle","public",3,0.910000026226044,0.340000003576279,1,"clerical",68,59.2999992370605,53,63.4000015258789,60.5
"557",367,0,"white","high","public",1,0.699999988079071,-0.159999996423721,0.330000013113022,"prof1",68,59.2999992370605,55.7000007629395,63.4000015258789,65.5
"558",378,0,"white","high","public",2,0.46000000834465,0.649999976158142,1,"prof1",68,54.0999984741211,63,63.4000015258789,60.5
"559",174,0,"white","middle","public",2,-0.159999996423721,0.649999976158142,1,"military",68,61.9000015258789,69.6999969482422,71.5,60.5
"560",196,1,"white","middle","public",3,0.0599999986588955,0.0299999993294477,1,"clerical",68,61.9000015258789,55.5,49.7999992370605,50.5999984741211
"561",126,0,"african-amer","middle","public",2,0.889999985694885,0.150000005960464,0.6700000166893,"prof2",68,59.2999992370605,56.5999984741211,50.4000015258789,60.5
"562",324,1,"white","high","public",2,0.939999997615814,0.0299999993294477,1,"prof2",68,56.7000007629395,59.5999984741211,58,25.7000007629395
"563",441,1,"white","middle","public",1,0.889999985694885,0.649999976158142,0.6700000166893,"prof1",68,48.9000015258789,56.2999992370605,63.4000015258789,55.5999984741211
"564",242,0,"white","high","public",2,0.75,1.19000005722046,1,"prof2",68,61.9000015258789,52.2000007629395,60.7000007629395,65.5
"565",373,1,"white","low","public",2,0,0.649999976158142,1,"technical",68,64.5,58.2999992370605,58.5,55.5999984741211
"566",327,1,"white","low","public",3,1.36000001430511,0.629999995231628,1,"clerical",68,64.5,58.9000015258789,63.4000015258789,45.5999984741211
"567",244,1,"white","high","public",2,0.709999978542328,0.340000003576279,0.6700000166893,"prof1",68,61.9000015258789,64.5,68.8000030517578,60.5
"568",415,1,"white","middle","public",2,0.46000000834465,-0.860000014305115,1,"school",68,59.2999992370605,60.5,55.2999992370605,70.5
"569",341,1,"white","high","public",2,0.709999978542328,0.0299999993294477,1,"school",68,61.9000015258789,72.1999969482422,66.0999984741211,56.7999992370605
"570",423,0,"white","middle","public",2,0.46000000834465,-0.469999998807907,0.6700000166893,"prof2",68,64.5,70.5999984741211,68.8000030517578,59.2999992370605
"571",262,1,"white","high","public",2,0.519999980926514,0.589999973773956,1,"prof1",68,59.9000015258789,64,68.8000030517578,65.5
"572",450,1,"white","high","public",2,0.5,0.0299999993294477,0.6700000166893,"not working",68,59.2999992370605,58.7999992370605,66.0999984741211,65.5
"573",80,1,"asian","middle","public",2,0.46000000834465,-1.16999995708466,0,"prof1",68,62.5,65.4000015258789,60.7000007629395,60.5
"574",340,0,"white","high","public",2,0.469999998807907,0.00999999977648258,1,"prof2",68,64.5,61.5,55.2999992370605,60.5
"575",469,0,"white","middle","public",1,0.46000000834465,0.649999976158142,1,"technical",68,59.2999992370605,57.9000015258789,74.1999969482422,65.5
"576",520,0,"white","middle","private",2,0.0599999986588955,0.0299999993294477,0.330000013113022,"prof1",68,59.2999992370605,71.3000030517578,66.0999984741211,55.5999984741211
"577",598,0,"white","middle","private",2,-0.610000014305115,0.340000003576279,0.6700000166893,"technical",68,54.0999984741211,74.5999984741211,66.0999984741211,65.5
"578",182,0,"white","high","public",2,0.419999986886978,0.560000002384186,0.6700000166893,"not working",70.6999969482422,56,62,67.6999969482422,63
"579",36,0,"hispanic","middle","public",2,1.36000001430511,0.439999997615814,0.6700000166893,"prof1",70.6999969482422,58,65.4000015258789,63.4000015258789,60.5
"580",492,1,"white","low","public",2,-0.140000000596046,-1.04999995231628,1,"prof1",70.6999969482422,65.0999984741211,66.4000015258789,63.4000015258789,60.5
"581",461,0,"white","low","public",2,0.239999994635582,-0.430000007152557,0.330000013113022,"technical",70.6999969482422,43.7000007629395,58.7999992370605,66.0999984741211,60.5
"582",169,1,"white","middle","public",2,1.1599999666214,1.19000005722046,1,"prof2",70.6999969482422,64.5,72.1999969482422,66.0999984741211,55.5999984741211
"583",538,1,"white","high","private",2,0.46000000834465,-0.219999998807907,1,"prof2",70.6999969482422,64.5,68.6999969482422,58,70.5
"584",339,0,"white","middle","public",2,0.46000000834465,0.0299999993294477,1,"military",70.6999969482422,56.7000007629395,51.2999992370605,71.5,55.5999984741211
"585",123,1,"african-amer","middle","public",1,1.11000001430511,-1.04999995231628,0.330000013113022,"prof1",70.6999969482422,67.0999984741211,63,63.4000015258789,65.5
"586",179,1,"white","middle","public",2,1.1599999666214,0.0299999993294477,1,"manager",70.6999969482422,67.0999984741211,61.2000007629395,60.7000007629395,70.5
"587",177,0,"white","middle","public",2,0.680000007152557,0.0299999993294477,0.6700000166893,"prof2",71.1999969482422,63.2000007629395,60.2000007629395,65.5,65.5
"588",300,0,"white","high","public",2,0.680000007152557,0.0299999993294477,0.330000013113022,"prof1",73.3000030517578,64.5,64,60.7000007629395,65.5
"589",394,0,"white","middle","public",2,0.46000000834465,0.0299999993294477,0,"operative",73.3000030517578,61.9000015258789,73.0999984741211,68.8000030517578,65.5
"590",202,0,"white","middle","public",2,1.12999999523163,-0.600000023841858,0.6700000166893,"technical",73.3000030517578,67.0999984741211,71.3000030517578,63.4000015258789,65.5
"591",20,0,"hispanic","high","public",2,0.280000001192093,0.0299999993294477,1,"prof2",73.3000030517578,64.5,68,63.4000015258789,70.5
"592",98,0,"asian","high","public",2,0,0.150000005960464,0.330000013113022,"prof2",73.3000030517578,64.5,75.5,60.7000007629395,50.5999984741211
"593",277,1,"white","high","public",2,1.11000001430511,0.340000003576279,1,"prof2",73.3000030517578,67.0999984741211,62.2999992370605,58,65.5
"594",283,0,"white","high","public",2,0.0199999995529652,0.129999995231628,0.330000013113022,"prof1",73.3000030517578,59.9000015258789,70.5,60.7000007629395,70.5
"595",100,1,"hispanic","high","private",2,0.419999986886978,-0.469999998807907,0.330000013113022,"prof2",73.3000030517578,61.2000007629395,57.4000015258789,54.7000007629395,65.5
"596",236,0,"white","middle","public",2,0.0799999982118607,0.939999997615814,0.6700000166893,"prof2",73.3000030517578,61.9000015258789,60.5,71.5,55.5999984741211
"597",503,0,"white","high","public",2,-0.189999997615814,-0.730000019073486,0.6700000166893,"prof2",73.3000030517578,60.5999984741211,64.6999969482422,66.0999984741211,65.5
"598",307,0,"white","high","public",2,0.46000000834465,0.340000003576279,1,"prof1",76,52.0999984741211,64.0999984741211,63.9000015258789,60.5
"599",181,1,"white","high","public",2,1.12999999523163,0.870000004768372,1,"prof2",76,62.5,60,67.1999969482422,65.5
"600",506,1,"white","middle","public",2,0.25,-0.469999998807907,0.330000013113022,"prof2",76,67.0999984741211,72.1999969482422,66.0999984741211,65.5
