item,type,calories,fat_g,carb_g,fiber_g,protein,sodium,protein_g
Cool Lime Starbucks Refreshers™ Beverage,Drink,45,0,11,0,0,10,NA
Ombré Pink Drink,Drink,NA,NA,NA,NA,NA,NA,NA
Pink Drink,Drink,NA,NA,NA,NA,NA,NA,NA
Strawberry Acai Starbucks Refreshers™ Beverage,Drink,80,0,18,1,0,10,NA
Very Berry Hibiscus Starbucks Refreshers™ Beverage,Drink,60,0,14,1,0,10,NA
Violet Drink,Drink,NA,NA,NA,NA,NA,NA,NA
Evolution Fresh™ Cold-Pressed Apple Berry Juice,Drink,NA,NA,NA,NA,NA,NA,NA
Evolution Fresh™ Defense Up,Drink,NA,NA,NA,NA,NA,NA,NA
Evolution Fresh™ Organic Ginger Limeade,Drink,110,0,28,0,0,5,NA
Iced Coffee,Drink,0,0,0,0,0,0,NA
Iced Coffee with Milk,Drink,NA,NA,NA,NA,NA,NA,NA
Iced Espresso Classics - Vanilla Latte,Drink,130,2.5,21,0,5,65,NA
Iced Espresso Classics - Caffe Mocha,Drink,140,2.5,23,0,5,90,NA
Iced Espresso Classics - Caramel Macchiato,Drink,130,2.5,21,0,5,65,NA
Starbucks® Caramel Iced Coffee,Drink,NA,NA,NA,NA,NA,NA,NA
Starbucks® Iced Coffee + Milk,Drink,NA,NA,NA,NA,NA,NA,NA
Starbucks® Low Calorie Iced Coffee + Milk,Drink,NA,NA,NA,NA,NA,NA,NA
Starbucks® Vanilla Iced Coffee,Drink,NA,NA,NA,NA,NA,NA,NA
Shaken Sweet Tea,Drink,80,0,19,0,0,10,NA
Tazo® Bottled Berry Blossom White,Drink,60,0,15,0,0,10,NA
Tazo® Bottled Black Mango,Drink,150,0,38,0,0,15,NA
Tazo® Bottled Black with Lemon,Drink,140,0,35,0,0,10,NA
Tazo® Bottled Brambleberry,Drink,140,0,35,0,0,15,NA
Tazo® Bottled Giant Peach,Drink,150,0,37,0,0,15,NA
Tazo® Bottled Iced Passion,Drink,70,0,17,0,0,10,NA
Tazo® Bottled Lemon Ginger,Drink,120,0,31,0,0,10,NA
Tazo® Bottled Organic Black Lemonade,Drink,140,0,35,0,0,10,NA
Tazo® Bottled Organic Iced Black Tea,Drink,60,0,15,0,0,10,NA
Tazo® Bottled Organic Iced Green Tea,Drink,120,0,31,0,0,10,NA
Tazo® Bottled Plum Pomegranate,Drink,140,0,35,0,0,10,NA
Tazo® Bottled Tazoberry,Drink,150,0,38,0,0,15,NA
Tazo® Bottled White Cranberry,Drink,140,0,35,0,0,10,NA
Teavana® Shaken Iced Black Tea,Drink,30,0,8,0,0,5,NA
Teavana® Shaken Iced Black Tea Lemonade,Drink,70,0,17,0,0,0,NA
Teavana® Shaken Iced Green Tea,Drink,30,0,8,0,0,5,NA
Teavana® Shaken Iced Green Tea Lemonade,Drink,70,0,17,0,0,5,NA
Teavana® Shaken Iced Passion Tango™ Tea,Drink,30,0,8,0,0,5,NA
Teavana® Shaken Iced Passion Tango™ Tea Lemonade,Drink,90,0,24,0,0,0,NA
Teavana® Shaken Iced Peach Green Tea,Drink,60,0,15,0,0,0,NA
Iced Espresso Classics - Vanilla Latte,Drink,130,2.5,21,0,5,65,NA
Iced Espresso Classics - Caffe Mocha,Drink,140,2.5,23,0,5,90,NA
Iced Espresso Classics - Caramel Macchiato,Drink,130,2.5,21,0,5,65,NA
Iced Espresso Classics - Skinny Caramel Macchiato,Drink,NA,NA,NA,NA,NA,NA,NA
Iced Espresso Classics - Skinny Vanilla Latte,Drink,NA,NA,NA,NA,NA,NA,NA
Starbucks Doubleshot® Energy Coffee Drink,Drink,NA,NA,NA,NA,NA,NA,NA
Starbucks Doubleshot® Energy Mexican Mocha,Drink,NA,NA,NA,NA,NA,NA,NA
Starbucks Doubleshot® Energy Mocha Drink,Drink,NA,NA,NA,NA,NA,NA,NA
Starbucks Doubleshot® Energy Vanilla Drink,Drink,NA,NA,NA,NA,NA,NA,NA
Starbucks Doubleshot® Energy White Chocolate Drink,Drink,NA,NA,NA,NA,NA,NA,NA
Starbucks Doubleshot® Energy+Cinnamon Dolce Drink,Drink,NA,NA,NA,NA,NA,NA,NA
Starbucks Doubleshot® Espresso Cubano,Drink,NA,NA,NA,NA,NA,NA,NA
Starbucks Doubleshot® Espresso Drink,Drink,NA,NA,NA,NA,NA,NA,NA
Starbucks Doubleshot® Espresso Salted Caramel Cream,Drink,NA,NA,NA,NA,NA,NA,NA
Starbucks Doubleshot® Light Espresso Drink,Drink,NA,NA,NA,NA,NA,NA,NA
Starbucks Doubleshot® Protein Caramel,Drink,NA,NA,NA,NA,NA,NA,NA
Starbucks Refreshers™ Raspberry Pomegranate,Drink,90,0,27,0,0,0,NA
Starbucks Refreshers™ Strawberry Lemonade,Drink,90,0,27,0,0,0,NA
Starbucks® Bottled Caramel Frappuccino® Coffee Drink,Drink,NA,NA,NA,NA,NA,NA,NA
Starbucks® Bottled Coffee Frappuccino® Coffee Drink,Drink,NA,NA,NA,NA,NA,NA,NA
"Starbucks® Bottled Cold Brew Black, Unsweetened",Drink,NA,NA,NA,NA,NA,NA,NA
Starbucks® Bottled Cold Brew Cocoa and Honey with Cream,Drink,NA,NA,NA,NA,NA,NA,NA
Starbucks® Bottled Dulce de Leche Frappuccino® Coffee Drink,Drink,NA,NA,NA,NA,NA,NA,NA
Starbucks® Bottled Mocha Frappuccino® Coffee Drink,Drink,NA,NA,NA,NA,NA,NA,NA
Starbucks® Bottled Mocha Light Frappuccino® Coffee Drink,Drink,NA,NA,NA,NA,NA,NA,NA
Starbucks® Bottled S'mores Frappuccino® Coffee Drink,Drink,NA,NA,NA,NA,NA,NA,NA
Starbucks® Bottled Vanilla Frappuccino® Coffee Drink,Drink,NA,NA,NA,NA,NA,NA,NA
Starbucks® Bottled Vanilla Light Frappuccino® Coffee Drink,Drink,NA,NA,NA,NA,NA,NA,NA
Starbucks® Caramel Iced Coffee,Drink,NA,NA,NA,NA,NA,NA,NA
Starbucks® Doubleshot Protein Dark Chocolate,Drink,210,2.5,33,2,20,115,NA
Starbucks® Doubleshot Protein Vanilla,Drink,200,2.5,34,2,20,120,NA
Starbucks® Iced Coffee + Milk,Drink,NA,NA,NA,NA,NA,NA,NA
Starbucks® Iced Coffee Caramel,Drink,60,0,13,0,1,0,NA
Starbucks® Iced Coffee Light Sweetened,Drink,50,0,11,0,1,0,NA
Starbucks® Iced Coffee Unsweetened,Drink,10,0,2,0,1,0,NA
Starbucks® Low Calorie Iced Coffee + Milk,Drink,NA,NA,NA,NA,NA,NA,NA
Starbucks® Refreshers™ - Black Cherry Limeade with Coconut Water,Drink,NA,NA,NA,NA,NA,NA,NA
Starbucks® Vanilla Iced Coffee,Drink,NA,NA,NA,NA,NA,NA,NA
Tazo® Bottled Berry Blossom White,Drink,60,0,15,0,0,10,NA
Tazo® Bottled Black Mango,Drink,150,0,38,0,0,15,NA
Tazo® Bottled Black with Lemon,Drink,140,0,35,0,0,10,NA
Tazo® Bottled Brambleberry,Drink,140,0,35,0,0,15,NA
Tazo® Bottled Giant Peach,Drink,150,0,37,0,0,15,NA
Tazo® Bottled Iced Passion,Drink,70,0,17,0,0,10,NA
Tazo® Bottled Lemon Ginger,Drink,120,0,31,0,0,10,NA
Tazo® Bottled Organic Black Lemonade,Drink,140,0,35,0,0,10,NA
Tazo® Bottled Organic Iced Black Tea,Drink,60,0,15,0,0,10,NA
Tazo® Bottled Organic Iced Green Tea,Drink,120,0,31,0,0,10,NA
Tazo® Bottled Plum Pomegranate,Drink,140,0,35,0,0,10,NA
Tazo® Bottled Tazoberry,Drink,150,0,38,0,0,15,NA
Tazo® Bottled White Cranberry,Drink,140,0,35,0,0,10,NA
Teavana® Mango Black Tea,Drink,NA,NA,NA,NA,NA,NA,NA
Teavana® Passion Tango® Herbal Tea,Drink,NA,NA,NA,NA,NA,NA,NA
Teavana® Peach Green Tea,Drink,NA,NA,NA,NA,NA,NA,NA
White Chocolate Mocha Bottled Frappuccino,Drink,NA,NA,NA,NA,NA,NA,NA
Blonde Roast,Drink,5,0,0,0,1,10,NA
Caffè Misto,Drink,NA,NA,NA,NA,NA,NA,NA
Clover® Brewed Coffee,Drink,10,0,0,0,1,10,NA
Coffee Traveler,Drink,NA,NA,NA,NA,NA,NA,NA
Decaf Pike Place® Roast,Drink,5,0,0,0,1,10,NA
Featured Dark Roast,Drink,5,0,0,0,1,10,NA
Iced Coffee,Drink,5,0,0,0,0,5,NA
Iced Coffee with Milk,Drink,NA,NA,NA,NA,NA,NA,NA
Nariño 70 Cold Brew,Drink,5,0,0,0,0,15,NA
Nariño 70 Cold Brew with Milk,Drink,0,0,0,0,0,0,NA
Nitro Cold Brew,Drink,5,0,0,0,0,10,NA
Nitro Cold Brew with Sweet Cream,Drink,70,5,5,0,1,20,NA
Pike Place® Roast,Drink,5,0,0,0,1,10,NA
Toasted Coconut Cold Brew,Drink,NA,NA,NA,NA,NA,NA,NA
Vanilla Sweet Cream Cold Brew,Drink,110,6,14,0,1,25,NA
Hot Chocolate,Drink,320,9,47,4,14,160,NA
Starbucks® Signature Hot Chocolate,Drink,430,26,45,5,12,115,NA
Caffè Americano,Drink,NA,NA,NA,NA,NA,NA,NA
Caffè Latte,Drink,190,7,19,0,13,170,NA
Caffè Mocha,Drink,290,8,42,4,13,140,NA
Cappuccino,Drink,120,4,12,0,8,100,NA
Caramel Macchiato,Drink,250,7,35,0,10,150,NA
Cascara Coconutmilk Latte,Drink,NA,NA,NA,NA,NA,NA,NA
Cinnamon Dolce Latte,Drink,260,6,40,0,11,150,NA
Coconutmilk Mocha Macchiato,Drink,250,9,32,0,12,180,NA
Espresso,Drink,NA,NA,NA,NA,NA,NA,NA
Espresso Con Panna,Drink,NA,NA,NA,NA,NA,NA,NA
Espresso Macchiato,Drink,NA,NA,NA,NA,NA,NA,NA
Flat White,Drink,180,7,18,0,12,160,NA
Iced Caffè Americano,Drink,NA,NA,NA,NA,NA,NA,NA
Iced Caffè Latte,Drink,130,4.5,13,0,8,115,NA
Iced Caffè Mocha,Drink,230,6,36,4,9,90,NA
Iced Caramel Macchiato,Drink,250,7,37,0,10,150,NA
Iced Cascara Coconutmilk Latte,Drink,NA,NA,NA,NA,NA,NA,NA
Iced Cinnamon Dolce Latte,Drink,200,4,34,0,7,95,NA
Iced Coconutmilk Mocha Macchiato,Drink,260,9,34,0,11,180,NA
Iced Skinny Cinnamon Dolce Latte,Drink,NA,NA,NA,NA,NA,NA,NA
Iced Skinny Mocha,Drink,NA,NA,NA,NA,NA,NA,NA
Iced Vanilla Latte,Drink,190,4,30,0,7,100,NA
Iced White Chocolate Mocha,Drink,300,8,47,0,10,190,NA
Latte Macchiato,Drink,190,7,19,0,12,160,NA
Latte Macchiato,Drink,190,7,19,0,12,160,NA
Skinny Mocha,Drink,NA,NA,NA,NA,NA,NA,NA
Starbucks Doubleshot® on Ice Beverage,Drink,45,1,5,0,3,40,NA
Vanilla Latte,Drink,250,6,37,0,12,150,NA
White Chocolate Mocha,Drink,360,11,53,0,14,240,NA
Caffè Vanilla Frappuccino® Blended Coffee,Drink,NA,NA,NA,NA,NA,NA,NA
Caffè Vanilla Light Frappuccino® Blended Coffee,Drink,NA,NA,NA,NA,NA,NA,NA
Caramel Cocoa Cluster Frappuccino® Blended Coffee,Drink,NA,NA,NA,NA,NA,NA,NA
Caramel Frappuccino® Blended Coffee,Drink,NA,NA,NA,NA,NA,NA,NA
Caramel Light Frappuccino® Blended Coffee,Drink,NA,NA,NA,NA,NA,NA,NA
Chai Crème Frappuccino® Blended Crème,Drink,NA,NA,NA,NA,NA,NA,NA
Cinnamon Dolce Frappuccino® Blended Coffee,Drink,350,4.5,64,0,15,0,NA
Cinnamon Dolce Light Frappuccino® Blended Coffee,Drink,NA,NA,NA,NA,NA,NA,NA
Cinnamon Roll Frappuccino® Blended Coffee,Drink,NA,NA,NA,NA,NA,NA,NA
Coffee Frappuccino® Blended Coffee,Drink,NA,NA,NA,NA,NA,NA,NA
Coffee Light Frappuccino® Blended Coffee,Drink,110,0,24,0,3,200,NA
Cupcake Crème Frappuccino® Blended Crème,Drink,NA,NA,NA,NA,NA,NA,NA
Green Tea Crème Frappuccino® Blended Crème,Drink,NA,NA,NA,NA,NA,NA,NA
Java Chip Frappuccino® Blended Coffee,Drink,NA,NA,NA,NA,NA,NA,NA
Java Chip Light Frappuccino® Blended Coffee,Drink,NA,NA,NA,NA,NA,NA,NA
Lemon Bar Crème Frappuccino® Blended Crème,Drink,NA,NA,NA,NA,NA,NA,NA
Midnight Mint Mocha Frappuccino® Blended Coffee,Drink,NA,NA,NA,NA,NA,NA,NA
Midnight Mint Mocha Frappuccino® Blended Crème,Drink,NA,NA,NA,NA,NA,NA,NA
Mocha Frappuccino® Blended Coffee,Drink,280,2.5,60,2,4,220,NA
Mocha Light Frappuccino® Blended Coffee,Drink,140,0.5,28,1,4,180,NA
Oprah Cinnamon Chai Crème Frappuccino® Blended Crème,Drink,NA,NA,NA,NA,NA,NA,NA
Red Velvet Cake Crème Frappuccino® Blended Crème,Drink,NA,NA,NA,NA,NA,NA,NA
S'mores Frappuccino® Blended Coffee,Drink,NA,NA,NA,NA,NA,NA,NA
S'mores Frappuccino® Blended Crème,Drink,NA,NA,NA,NA,NA,NA,NA
Strawberries & Crème Frappuccino® Blended Crème,Drink,NA,NA,NA,NA,NA,NA,NA
The Pokémon™ GO Frappuccino® Blended Beverage,Drink,NA,NA,NA,NA,NA,NA,NA
Vanilla Bean Crème Frappuccino® Blended Crème,Drink,NA,NA,NA,NA,NA,NA,NA
White Chocolate Mocha Frappuccino® Blended Coffee,Drink,NA,NA,NA,NA,NA,NA,NA
Cinnamon Dolce Crème,Drink,200,6,28,0,10,135,NA
Organic Chocolate Milk Box,Drink,NA,NA,NA,NA,NA,NA,NA
Steamed Apple Juice,Drink,NA,NA,NA,NA,NA,NA,NA
Vanilla Crème,Drink,200,6,28,0,10,135,NA
Chocolate Smoothie,Drink,320,5,53,8,20,170,NA
Strawberry Smoothie,Drink,300,2,60,7,16,130,NA
Ginger Ale,Drink,NA,NA,NA,NA,NA,NA,NA
Lemon Ale,Drink,NA,NA,NA,NA,NA,NA,NA
Orange Cream Soda,Drink,NA,NA,NA,NA,NA,NA,NA
Chonga Bagel,Food,300,5,50,3,NA,NA,12
8-Grain Roll,Food,380,6,70,7,NA,NA,10
Almond Croissant,Food,410,22,45,3,NA,NA,10
Apple Fritter,Food,460,23,56,2,NA,NA,7
Banana Nut Bread,Food,420,22,52,2,NA,NA,6
Blueberry Muffin with Yogurt and Honey,Food,380,16,53,1,NA,NA,6
Blueberry Scone,Food,420,17,61,2,NA,NA,5
Butter Croissant,Food,240,12,28,1,NA,NA,5
Butterfly Cookie,Food,350,22,38,0,NA,NA,2
Cheese Danish,Food,320,16,36,1,NA,NA,8
Chewy Chocolate Cookie,Food,170,5,30,2,NA,NA,2
Chocolate Chip Cookie,Food,310,15,42,2,NA,NA,4
Chocolate Chunk Muffin,Food,440,21,60,2,NA,NA,7
Chocolate Croissant,Food,330,18,38,1,NA,NA,6
Chocolate Hazelnut Croissant,Food,390,22,43,2,NA,NA,7
Chocolate Marble Loaf Cake,Food,490,24,64,2,NA,NA,6
Cinnamon Morning Bun,Food,390,15,56,2,NA,NA,8
Cinnamon Raisin Bagel,Food,270,1,58,3,NA,NA,9
Classic Coffee Cake,Food,390,16,57,1,NA,NA,5
Cookie Butter Bar,Food,360,23,36,0,NA,NA,2
Cranberry Orange Scone,Food,420,15,64,1,NA,NA,6
Devil's Food Doughnut,Food,430,23,53,2,NA,NA,5
Double Chocolate Brownie,Food,410,24,46,3,NA,NA,6
Double Chocolate Chunk Brownie,Food,490,28,55,3,NA,NA,7
Double Chocolate Loaf Cake,Food,440,23,54,3,NA,NA,5
Everybody's Favorite - Bantam Bagel (2 Pack),Food,100,3.5,14,0,NA,NA,3
Everything Bagel with Cheese,Food,290,3.5,53,2,NA,NA,11
Frappuccino® Cookie Straw,Food,90,3,14,0,NA,NA,1
French Toast - Bantam Bagels (2 Pack),Food,200,8,30,0,NA,NA,6
Gluten-Free Marshmallow Dream Bar,Food,240,5,45,0,NA,NA,2
Ice Cream Cone Sugar Cookie,Food,250,14,29,1,NA,NA,3
Iced Lemon Pound Cake,Food,470,20,68,1,NA,NA,6
Michigan Cherry Oat Bar,Food,310,10,47,2,NA,NA,3
Multigrain Bagel,Food,350,4,64,8,NA,NA,17
Oatmeal Cookie,Food,290,12,40,3,NA,NA,5
Octopus Cookie,Food,330,18,39,1,NA,NA,3
Old-Fashioned Glazed Doughnut,Food,480,27,56,1,NA,NA,5
Peanut butter cup cookie,Food,360,21,36,3,NA,NA,8
Pecan Tart,Food,330,18,39,1,NA,NA,4
Petite Vanilla Bean Scone,Food,120,4.5,18,0,NA,NA,2
Plain Bagel,Food,280,1.5,56,2,NA,NA,9
Pumpkin Bread,Food,410,15,63,2,NA,NA,6
Raspberry Swirl Loaf Cake,Food,420,17,61,1,NA,NA,6
Raspberry Whoopie Pie,Food,360,18,45,1,NA,NA,3
Reduced-Fat Cinnamon Swirl Coffee Cake,Food,370,9,67,2,NA,NA,5
S'mores Bar,Food,330,17,44,1,NA,NA,2
S'mores Bar Multipack,Food,330,17,44,1,NA,NA,2
Sprouted Grain Vegan Bagel,Food,330,6,57,7,NA,NA,12
Strawberry Cake Pop,Food,180,9,23,0,NA,NA,2
The Classic - Bantam Bagels (2 Pack),Food,200,8,28,0,NA,NA,6
Toffeedoodle,Food,300,13,44,1,NA,NA,3
Vanilla Bean Whoopie Pie,Food,360,18,45,1,NA,NA,3
Vermont Maple Walnut Muffin,Food,390,21,45,2,NA,NA,6
Volpi™ Pepperoni & Tomato Savory Foldover,Food,270,14,27,2,NA,NA,10
Strawberries & Jam Sandwich,Food,600,25,80,10,NA,NA,19
Burrata & Basil Pesto Small Sandwich,Food,300,14,34,2,NA,NA,11
Cage-Free Eggs & Seasoned Grains Side Salad,Food,360,18,33,3,NA,NA,17
Cauliflower Tabbouleh Side Salad,Food,130,12,7,3,NA,NA,2
Cubano Sandwich,Food,430,23,34,3,NA,NA,21
Farmers' Market Protein Box,Food,470,29,29,4,NA,NA,21
Garden Greens & Shaved Parmesan Side Salad,Food,170,13,9,2,NA,NA,7
Green Goddess Avocado Salad,Food,620,37,62,10,NA,NA,13
Herbed Chicken & Fig Spread Small Sandwich,Food,300,8,43,2,NA,NA,19
Honey BBQ Sriracha Chicken Sandwich,Food,360,7,52,3,NA,NA,22
Roasted Carrot & Kale Side Salad,Food,440,26,44,7,NA,NA,10
Roasted Turkey & Dill Havarti Sandwich,Food,600,32,47,6,NA,NA,32
Seared Steak & Cheddar Sandwich,Food,530,29,44,2,NA,NA,23
Slow-Roasted Ham & Beecher's Flagship Cheese Small Sandwich,Food,350,18,31,1,NA,NA,16
Smoked Mozzarella & Roasted Pepper Sandwich,Food,500,28,46,4,NA,NA,18
Turkey & Fire-Roasted Corn Salad,Food,560,29,53,7,NA,NA,24
Za'atar Chicken & Lemon Tahini Salad,Food,570,23,67,11,NA,NA,27
BBQ Chicken Protein Box,Food,420,16,49,5,NA,NA,22
Cheese & Fruit Protein Box,Food,450,27,34,4,NA,NA,20
Chicken Wrap Protein Box,Food,460,22,45,4,NA,NA,20
Eggs & Cheese Protein Box,Food,460,24,40,5,NA,NA,23
PB&J Protein Box,Food,520,26,53,5,NA,NA,20
Smoked Turkey Protein Box,Food,360,12,42,5,NA,NA,24
Birthday Cake Pop,Food,170,9,23,0,NA,NA,1
Chocolate Cake Pop,Food,160,8,23,1,NA,NA,2
Chocolate Chip Cookie Dough Cake Pop,Food,180,9,23,0,NA,NA,2
Pirate Cake Pop,Food,180,9,24,0,NA,NA,1
Bacon Gouda & Egg Breakfast Sandwich,Food,370,19,32,1,NA,NA,18
Certified Gluten-Free Breakfast Sandwich,Food,280,13,18,6,NA,NA,18
Classic Whole-Grain Oatmeal,Food,160,2.5,28,4,NA,NA,5
Double-Smoked Bacon Cheddar & Egg Sandwich,Food,490,27,40,1,NA,NA,21
Ham & Cheese Croissant,Food,320,17,28,1,NA,NA,14
Hearty Blueberry Oatmeal,Food,220,2.5,43,5,NA,NA,5
Reduced-Fat Turkey Bacon & Cage Free Egg White Breakfast Sandwich,Food,230,6,28,2,NA,NA,16
Sausage Cheddar & Egg Breakfast Sandwich,Food,500,28,41,1,NA,NA,15
Seared Steak Egg & Tomatillo Wrap,Food,410,18,43,2,NA,NA,21
Slow-Roasted Ham Swiss & Egg Breakfast Sandwich,Food,450,23,42,1,NA,NA,24
Sous Vide Egg Bites: Bacon & Gruyere,Food,310,22,9,0,NA,NA,19
Sous Vide Egg Bites: Egg White & Red Pepper,Food,170,7,13,1,NA,NA,13
Spicy Chorizo  Monterey Jack & Egg Breakfast Sandwich,Food,500,30,35,3,NA,NA,26
Spinach Feta & Cage Free Egg White Breakfast Wrap,Food,290,10,33,6,NA,NA,19
Ancho Chipotle Chicken Panini,Food,500,19,57,4,NA,NA,26
Chicken & Quinoa Protein Bowl with Black Beans and Greens,Food,420,17,42,9,NA,NA,27
Chicken Artichoke on Ancient Grain Flatbread,Food,510,27,37,5,NA,NA,24
Chicken BLT Salad Sandwich,Food,470,25,35,3,NA,NA,21
Egg Salad Sandwich,Food,480,27,42,7,NA,NA,16
Homestyle Chicken & Double-Smoked Bacon,Food,480,17,57,3,NA,NA,23
Italian-Style Ham & Spicy Salami,Food,480,20,49,3,NA,NA,22
Lentils & Vegetable Protein Bowl with Brown Rice,Food,650,29,80,21,NA,NA,23
Roasted Tomato & Mozzarella Panini,Food,420,18,47,3,NA,NA,11
Turkey & Havarti Sandwich,Food,460,21,31,2,NA,NA,29
Turkey Pesto Panini,Food,560,23,55,3,NA,NA,34
Berry Trio Yogurt,Food,240,2.5,39,3,NA,NA,14
Fresh Blueberries and Honey Greek Yogurt Parfait,Food,240,2.5,42,2,NA,NA,14
Justin's Chocolate Hazelnut Butter,Food,180,14,12,3,NA,NA,4
Justin's Classic Almond Butter,Food,190,18,6,3,NA,NA,7
Lemon Chiffon Yogurt,Food,340,13,38,0,NA,NA,18
Organic Avocado (Spread),Food,90,8,5,4,NA,NA,1
Seasonal Fruit Blend,Food,90,0,24,4,NA,NA,1
